id_siswa,nama_siswa,rata_nilai,hadir,sakit,izin,alpha,skor_motivasi,skor_disiplin,status_risiko
1,Siswa 1,54,88,3,0,9,95,52,1
2,Siswa 2,52,88,3,3,6,91,85,1
3,Siswa 3,43,84,6,3,7,100,78,1
4,Siswa 4,88,85,6,8,1,88,42,0
5,Siswa 5,62,82,0,5,13,66,88,1
6,Siswa 6,68,90,0,1,9,56,100,1
7,Siswa 7,96,87,6,0,7,66,54,1
8,Siswa 8,87,86,6,3,5,68,44,0
9,Siswa 9,90,86,5,3,6,77,99,0
10,Siswa 10,96,81,5,7,7,61,91,0
11,Siswa 11,99,79,5,2,14,98,98,1
12,Siswa 12,58,87,5,5,3,100,46,1
13,Siswa 13,56,82,5,7,6,99,85,1
14,Siswa 14,60,79,5,6,10,84,97,1
15,Siswa 15,74,91,2,1,6,62,60,1
16,Siswa 16,92,83,0,8,9,95,99,0
17,Siswa 17,41,75,7,8,10,91,79,1
18,Siswa 18,81,85,6,3,6,83,55,0
19,Siswa 19,68,80,3,3,14,41,94,1
20,Siswa 20,50,85,1,1,13,40,79,1
21,Siswa 21,59,84,0,8,8,89,49,1
22,Siswa 22,77,90,5,2,3,92,63,0
23,Siswa 23,61,91,7,2,0,43,65,1
24,Siswa 24,42,97,2,1,0,96,97,1
25,Siswa 25,96,93,3,4,0,45,81,0
26,Siswa 26,62,88,4,0,8,51,46,1
27,Siswa 27,64,90,5,5,0,94,99,0
28,Siswa 28,48,79,4,4,13,47,86,0
29,Siswa 29,78,90,8,2,0,75,88,0
30,Siswa 30,98,84,2,2,12,85,91,1
31,Siswa 31,73,72,7,6,15,41,70,1
32,Siswa 32,59,79,4,2,15,99,81,1
33,Siswa 33,44,86,0,3,11,67,55,1
34,Siswa 34,67,87,2,7,4,47,71,1
35,Siswa 35,62,83,3,2,12,85,50,1
36,Siswa 36,51,99,0,1,0,93,67,1
37,Siswa 37,69,85,5,2,8,99,58,0
38,Siswa 38,72,93,5,0,2,67,84,0
39,Siswa 39,72,87,3,3,7,78,93,0
40,Siswa 40,61,88,3,3,6,40,45,1
41,Siswa 41,86,84,3,0,13,45,48,1
42,Siswa 42,46,86,4,0,10,52,95,1
43,Siswa 43,44,84,7,6,3,63,70,1
44,Siswa 44,92,77,7,4,12,55,86,1
45,Siswa 45,56,82,2,5,11,76,49,1
46,Siswa 46,52,93,0,4,3,95,69,0
47,Siswa 47,61,74,8,6,12,100,88,1
48,Siswa 48,77,81,2,6,11,63,63,1
49,Siswa 49,69,93,0,3,4,96,48,1
50,Siswa 50,44,93,0,4,3,53,70,1
51,Siswa 51,70,79,4,6,11,70,54,1
52,Siswa 52,92,84,6,8,2,53,75,0
53,Siswa 53,53,90,3,2,5,94,54,1
54,Siswa 54,73,93,4,0,3,91,41,0
55,Siswa 55,55,75,7,5,13,76,88,0
56,Siswa 56,84,81,7,5,7,81,81,0
57,Siswa 57,49,84,6,5,5,58,76,1
58,Siswa 58,68,95,2,2,1,49,60,1
59,Siswa 59,53,91,2,4,3,46,70,1
60,Siswa 60,85,81,1,8,10,40,82,1
61,Siswa 61,78,87,0,3,10,70,70,0
62,Siswa 62,63,89,3,2,6,84,40,1
63,Siswa 63,78,85,3,4,8,69,60,1
64,Siswa 64,90,89,0,3,8,82,68,0
65,Siswa 65,79,80,7,2,11,60,60,1
66,Siswa 66,89,84,2,5,9,51,58,1
67,Siswa 67,76,91,3,0,6,100,94,0
68,Siswa 68,99,95,0,2,3,89,82,0
69,Siswa 69,69,82,4,2,12,47,66,1
70,Siswa 70,84,83,5,4,8,74,85,0
71,Siswa 71,61,89,4,4,3,66,57,1
72,Siswa 72,50,80,3,3,14,65,73,1
73,Siswa 73,59,75,7,7,11,65,96,1
74,Siswa 74,88,81,7,8,4,43,42,1
75,Siswa 75,48,87,1,6,6,93,47,1
76,Siswa 76,58,92,4,4,0,99,58,1
77,Siswa 77,88,83,2,0,15,68,86,1
78,Siswa 78,43,86,8,5,1,97,47,1
79,Siswa 79,50,78,6,8,8,62,73,1
80,Siswa 80,87,81,2,3,14,88,96,1
81,Siswa 81,48,90,1,4,5,89,54,1
82,Siswa 82,88,78,7,1,14,83,84,1
83,Siswa 83,64,82,8,4,6,79,42,1
84,Siswa 84,45,94,0,0,6,91,77,0
85,Siswa 85,85,79,0,8,13,74,68,1
86,Siswa 86,94,78,4,6,12,66,60,1
87,Siswa 87,87,87,3,8,2,91,96,0
88,Siswa 88,100,95,1,2,2,66,74,1
89,Siswa 89,59,91,4,0,5,73,43,1
90,Siswa 90,79,84,7,8,1,65,68,1
91,Siswa 91,60,81,8,7,4,60,47,1
92,Siswa 92,56,85,4,7,4,56,73,1
93,Siswa 93,80,73,7,8,12,47,68,1
94,Siswa 94,80,80,7,3,10,45,64,1
95,Siswa 95,91,80,2,6,12,83,75,0
96,Siswa 96,91,91,4,2,3,94,99,0
97,Siswa 97,47,89,2,7,2,43,79,1
98,Siswa 98,97,80,1,6,13,52,91,1
99,Siswa 99,53,94,1,0,5,82,67,1
100,Siswa 100,44,93,3,2,2,75,50,1
101,Siswa 101,62,81,1,8,10,100,83,0
102,Siswa 102,96,90,2,2,6,66,62,1
103,Siswa 103,97,87,3,8,2,55,41,1
104,Siswa 104,73,94,0,4,2,92,90,0
105,Siswa 105,46,89,4,7,0,48,43,1
106,Siswa 106,65,78,3,4,15,69,86,1
107,Siswa 107,93,85,3,5,7,73,95,0
108,Siswa 108,96,82,0,7,11,90,81,1
109,Siswa 109,57,76,3,6,15,49,100,1
110,Siswa 110,50,86,6,8,0,59,93,1
111,Siswa 111,96,91,2,6,1,62,43,1
112,Siswa 112,41,82,5,6,7,60,88,1
113,Siswa 113,53,93,3,3,1,95,80,1
114,Siswa 114,98,80,8,8,4,72,42,0
115,Siswa 115,97,78,8,4,10,91,99,0
116,Siswa 116,79,94,2,2,2,93,50,0
117,Siswa 117,50,84,3,8,5,48,48,1
118,Siswa 118,50,82,3,3,12,85,84,1
119,Siswa 119,41,85,0,1,14,88,82,1
120,Siswa 120,89,93,0,4,3,41,78,0
121,Siswa 121,73,93,3,2,2,45,68,0
122,Siswa 122,65,82,1,7,10,74,64,0
123,Siswa 123,71,83,3,3,11,95,72,1
124,Siswa 124,61,93,0,6,1,79,62,0
125,Siswa 125,68,86,0,8,6,89,52,1
126,Siswa 126,46,81,1,3,15,61,100,1
127,Siswa 127,100,79,3,4,14,52,93,1
128,Siswa 128,42,92,6,2,0,91,51,1
129,Siswa 129,70,81,3,6,10,52,94,1
130,Siswa 130,46,88,4,2,6,83,79,1
131,Siswa 131,43,81,6,7,6,73,92,1
132,Siswa 132,52,91,1,0,8,83,99,1
133,Siswa 133,92,84,6,0,10,56,54,1
134,Siswa 134,60,88,0,3,9,95,95,1
135,Siswa 135,92,80,0,8,12,63,54,1
136,Siswa 136,83,75,2,8,15,76,97,1
137,Siswa 137,45,82,7,6,5,89,83,1
138,Siswa 138,76,90,1,4,5,90,72,0
139,Siswa 139,95,81,4,0,15,69,70,1
140,Siswa 140,90,91,1,7,1,80,76,0
141,Siswa 141,42,87,3,4,6,53,68,1
142,Siswa 142,88,86,3,1,10,99,40,1
143,Siswa 143,96,93,6,1,0,100,47,0
144,Siswa 144,60,89,4,7,0,53,95,1
145,Siswa 145,74,93,7,0,0,95,82,0
146,Siswa 146,49,78,8,4,10,54,90,1
147,Siswa 147,54,81,3,1,15,82,43,1
148,Siswa 148,96,84,1,0,15,41,60,1
149,Siswa 149,89,85,6,6,3,45,63,0
150,Siswa 150,66,85,1,1,13,100,54,1
151,Siswa 151,51,86,2,7,5,45,92,1
152,Siswa 152,93,80,2,8,10,40,69,1
153,Siswa 153,48,88,4,3,5,95,69,1
154,Siswa 154,85,79,2,4,15,44,60,1
155,Siswa 155,88,77,7,3,13,42,95,1
156,Siswa 156,91,72,5,8,15,82,45,1
157,Siswa 157,48,82,7,0,11,90,64,1
158,Siswa 158,49,73,7,6,14,87,84,1
159,Siswa 159,42,86,2,4,8,72,80,1
160,Siswa 160,73,82,5,5,8,60,46,1
161,Siswa 161,51,84,1,0,15,56,54,1
162,Siswa 162,45,87,3,8,2,54,58,1
163,Siswa 163,52,86,5,2,7,86,86,1
164,Siswa 164,58,86,4,8,2,45,78,1
165,Siswa 165,79,89,3,5,3,51,55,0
166,Siswa 166,68,80,6,1,13,60,85,1
167,Siswa 167,70,87,4,6,3,62,93,0
168,Siswa 168,96,80,4,5,11,77,53,1
169,Siswa 169,44,83,0,7,10,74,45,1
170,Siswa 170,83,75,3,7,15,44,94,1
171,Siswa 171,54,80,3,4,13,58,87,1
172,Siswa 172,91,87,7,4,2,76,52,0
173,Siswa 173,43,85,1,8,6,60,64,1
174,Siswa 174,78,87,2,0,11,93,46,0
175,Siswa 175,81,75,5,8,12,83,64,1
176,Siswa 176,75,86,2,7,5,54,67,0
177,Siswa 177,59,93,4,1,2,57,40,1
178,Siswa 178,46,87,5,1,7,52,87,1
179,Siswa 179,89,84,7,8,1,99,81,0
180,Siswa 180,73,86,6,4,4,96,70,0
181,Siswa 181,47,79,7,8,6,78,54,1
182,Siswa 182,89,83,5,0,12,74,88,1
183,Siswa 183,58,91,1,2,6,92,47,1
184,Siswa 184,48,76,7,2,15,60,75,1
185,Siswa 185,51,82,1,6,11,80,74,1
186,Siswa 186,77,74,8,6,12,65,65,1
187,Siswa 187,68,78,7,4,11,61,53,1
188,Siswa 188,79,86,0,8,6,72,79,0
189,Siswa 189,94,85,2,4,9,44,54,1
190,Siswa 190,46,87,3,6,4,45,46,1
191,Siswa 191,65,84,5,3,8,88,70,1
192,Siswa 192,77,85,4,7,4,57,60,0
193,Siswa 193,62,78,8,7,7,84,42,1
194,Siswa 194,89,82,1,2,15,66,68,1
195,Siswa 195,50,87,6,5,2,51,47,1
196,Siswa 196,96,83,6,8,3,62,41,0
197,Siswa 197,57,88,5,4,3,80,44,1
198,Siswa 198,52,90,3,6,1,63,65,1
199,Siswa 199,67,84,4,5,7,81,70,1
200,Siswa 200,80,89,7,4,0,85,95,0
201,Siswa 201,79,77,3,7,13,83,70,1
202,Siswa 202,82,94,3,1,2,93,75,0
203,Siswa 203,91,87,5,0,8,63,57,1
204,Siswa 204,68,92,1,6,1,40,82,1
205,Siswa 205,46,83,6,2,9,75,100,1
206,Siswa 206,58,84,3,1,12,96,57,1
207,Siswa 207,44,91,0,7,2,63,92,1
208,Siswa 208,93,80,6,1,13,86,77,1
209,Siswa 209,42,86,3,3,8,50,68,1
210,Siswa 210,70,83,7,1,9,56,55,1
211,Siswa 211,74,81,0,4,15,69,73,1
212,Siswa 212,43,82,4,5,9,59,53,1
213,Siswa 213,43,88,5,2,5,44,81,1
214,Siswa 214,100,99,1,0,0,98,76,0
215,Siswa 215,72,78,2,5,15,61,82,1
216,Siswa 216,72,80,4,8,8,74,92,0
217,Siswa 217,76,83,4,7,6,78,59,1
218,Siswa 218,45,84,6,2,8,61,99,1
219,Siswa 219,65,78,7,2,13,41,41,1
220,Siswa 220,48,94,2,3,1,60,49,1
221,Siswa 221,46,79,2,6,13,64,86,1
222,Siswa 222,92,88,4,3,5,74,78,0
223,Siswa 223,98,83,0,8,9,57,71,1
224,Siswa 224,74,91,0,7,2,98,69,0
225,Siswa 225,93,92,4,2,2,56,88,0
226,Siswa 226,69,84,3,2,11,60,95,1
227,Siswa 227,79,90,3,1,6,99,100,0
228,Siswa 228,80,86,0,0,14,87,63,1
229,Siswa 229,89,82,7,5,6,98,71,0
230,Siswa 230,74,85,4,3,8,40,100,1
231,Siswa 231,61,80,1,7,12,54,74,1
232,Siswa 232,85,90,5,5,0,86,46,0
233,Siswa 233,67,85,8,7,0,53,66,1
234,Siswa 234,59,86,3,1,10,56,74,1
235,Siswa 235,51,79,7,6,8,52,43,1
236,Siswa 236,60,87,6,1,6,53,79,1
237,Siswa 237,82,93,5,1,1,62,62,0
238,Siswa 238,50,91,1,4,4,93,82,1
239,Siswa 239,83,82,3,7,8,97,67,0
240,Siswa 240,90,83,8,0,9,51,80,1
241,Siswa 241,49,78,8,3,11,86,93,1
242,Siswa 242,49,83,1,1,15,68,89,1
243,Siswa 243,90,74,8,7,11,93,59,1
244,Siswa 244,77,86,4,6,4,79,51,0
245,Siswa 245,89,77,3,7,13,47,71,1
246,Siswa 246,81,86,0,0,14,75,53,1
247,Siswa 247,99,73,8,8,11,87,80,1
248,Siswa 248,49,79,3,7,11,80,96,1
249,Siswa 249,76,87,6,2,5,77,67,0
250,Siswa 250,45,86,4,4,6,92,76,1
251,Siswa 251,92,87,1,0,12,100,71,1
252,Siswa 252,64,91,5,0,4,40,46,1
253,Siswa 253,64,80,4,6,10,70,94,1
254,Siswa 254,54,90,7,0,3,90,61,1
255,Siswa 255,100,86,8,6,0,87,86,0
256,Siswa 256,54,88,1,0,11,94,63,0
257,Siswa 257,98,82,7,1,10,54,78,1
258,Siswa 258,69,80,3,3,14,87,93,0
259,Siswa 259,41,86,4,5,5,81,61,1
260,Siswa 260,78,88,2,1,9,61,78,0
261,Siswa 261,84,85,2,7,6,76,94,0
262,Siswa 262,71,81,2,7,10,82,66,0
263,Siswa 263,51,88,1,8,3,40,81,1
264,Siswa 264,48,98,1,0,1,55,54,1
265,Siswa 265,43,86,4,3,7,61,66,1
266,Siswa 266,71,91,5,2,2,51,41,1
267,Siswa 267,71,88,1,3,8,60,41,0
268,Siswa 268,95,92,6,0,2,60,73,0
269,Siswa 269,54,78,2,6,14,83,81,1
270,Siswa 270,73,88,7,3,2,61,91,0
271,Siswa 271,42,93,6,0,1,88,71,1
272,Siswa 272,65,96,0,4,0,51,52,1
273,Siswa 273,41,86,5,3,6,61,48,1
274,Siswa 274,54,87,2,4,7,66,85,1
275,Siswa 275,51,79,8,1,12,45,59,1
276,Siswa 276,41,90,5,0,5,63,45,1
277,Siswa 277,67,86,8,1,5,41,95,1
278,Siswa 278,71,77,4,5,14,60,41,1
279,Siswa 279,83,80,5,3,12,46,68,1
280,Siswa 280,59,87,7,5,1,50,91,1
281,Siswa 281,73,78,8,2,12,79,65,1
282,Siswa 282,50,93,1,0,6,89,51,1
283,Siswa 283,72,89,0,3,8,46,56,1
284,Siswa 284,59,92,4,3,1,82,73,0
285,Siswa 285,90,78,0,7,15,95,94,1
286,Siswa 286,76,88,2,2,8,75,97,0
287,Siswa 287,56,78,4,3,15,99,59,1
288,Siswa 288,97,90,5,1,4,55,83,0
289,Siswa 289,64,90,5,5,0,82,95,0
290,Siswa 290,42,86,0,5,9,80,83,1
291,Siswa 291,44,87,8,4,1,81,98,1
292,Siswa 292,93,80,6,3,11,69,53,1
293,Siswa 293,63,91,1,1,7,66,48,1
294,Siswa 294,40,83,7,3,7,63,97,1
295,Siswa 295,93,89,2,6,3,44,77,0
296,Siswa 296,70,80,4,4,12,80,69,1
297,Siswa 297,100,93,3,1,3,43,72,0
298,Siswa 298,46,82,2,7,9,75,77,1
299,Siswa 299,69,80,3,5,12,60,87,1
300,Siswa 300,42,91,7,1,1,92,47,1
301,Siswa 301,42,77,7,8,8,83,77,1
302,Siswa 302,96,85,7,0,8,89,83,0
303,Siswa 303,58,70,7,8,15,67,44,1
304,Siswa 304,59,82,0,3,15,45,66,1
305,Siswa 305,43,90,4,5,1,50,64,1
306,Siswa 306,91,91,0,8,1,44,72,0
307,Siswa 307,53,89,1,0,10,52,58,1
308,Siswa 308,78,81,3,7,9,78,88,0
309,Siswa 309,48,77,5,5,13,98,50,1
310,Siswa 310,45,88,3,0,9,70,67,1
311,Siswa 311,85,76,2,7,15,95,63,1
312,Siswa 312,87,91,5,2,2,42,40,1
313,Siswa 313,51,86,1,6,7,50,98,1
314,Siswa 314,78,87,4,2,7,63,81,0
315,Siswa 315,88,87,2,4,7,82,64,0
316,Siswa 316,40,88,4,4,4,47,59,1
317,Siswa 317,73,91,2,3,4,100,40,0
318,Siswa 318,76,80,5,5,10,94,85,0
319,Siswa 319,95,96,1,2,1,56,62,0
320,Siswa 320,74,83,3,1,13,91,94,1
321,Siswa 321,57,76,6,5,13,74,70,1
322,Siswa 322,51,79,6,3,12,58,42,1
323,Siswa 323,57,95,1,0,4,89,45,0
324,Siswa 324,68,98,0,2,0,48,73,1
325,Siswa 325,66,79,8,3,10,45,55,1
326,Siswa 326,51,83,4,3,10,76,86,1
327,Siswa 327,65,81,8,8,3,40,41,1
328,Siswa 328,65,87,1,3,9,82,54,1
329,Siswa 329,44,72,6,7,15,88,81,1
330,Siswa 330,93,82,8,8,2,92,87,0
331,Siswa 331,95,80,5,5,10,99,86,0
332,Siswa 332,91,72,6,7,15,96,95,1
333,Siswa 333,40,77,1,7,15,81,58,1
334,Siswa 334,71,74,5,6,15,76,51,1
335,Siswa 335,94,71,8,6,15,97,62,0
336,Siswa 336,57,82,2,7,9,42,41,1
337,Siswa 337,56,77,6,8,9,50,51,1
338,Siswa 338,76,89,0,2,9,86,64,0
339,Siswa 339,81,82,8,3,7,80,49,1
340,Siswa 340,60,86,0,7,7,42,50,1
341,Siswa 341,60,88,6,3,3,69,85,0
342,Siswa 342,74,72,7,8,13,69,81,1
343,Siswa 343,84,90,2,8,0,56,99,0
344,Siswa 344,52,84,8,3,5,100,59,1
345,Siswa 345,44,86,4,3,7,75,75,1
346,Siswa 346,85,94,3,2,1,47,43,1
347,Siswa 347,72,92,5,1,2,81,67,0
348,Siswa 348,84,77,5,4,14,93,44,1
349,Siswa 349,82,92,1,1,6,52,66,1
350,Siswa 350,51,94,2,1,3,75,54,1
351,Siswa 351,88,74,6,7,13,100,75,1
352,Siswa 352,54,73,6,6,15,55,79,0
353,Siswa 353,47,89,4,5,2,86,54,1
354,Siswa 354,79,72,7,8,13,64,72,1
355,Siswa 355,85,83,1,3,13,43,44,1
356,Siswa 356,63,81,7,1,11,82,49,1
357,Siswa 357,71,83,2,6,9,74,63,0
358,Siswa 358,43,86,6,0,8,56,76,1
359,Siswa 359,46,87,3,5,5,44,92,1
360,Siswa 360,65,85,2,4,9,83,86,1
361,Siswa 361,99,86,1,3,10,99,59,1
362,Siswa 362,45,80,4,1,15,94,58,1
363,Siswa 363,96,87,5,0,8,54,40,1
364,Siswa 364,57,75,5,5,15,82,42,1
365,Siswa 365,45,80,3,7,10,84,81,1
366,Siswa 366,46,88,4,6,2,59,74,1
367,Siswa 367,45,85,1,0,14,75,92,1
368,Siswa 368,40,81,5,1,13,97,60,1
369,Siswa 369,57,80,4,2,14,91,75,1
370,Siswa 370,78,80,4,2,14,62,65,1
371,Siswa 371,84,89,2,6,3,49,88,0
372,Siswa 372,69,89,2,7,2,50,95,1
373,Siswa 373,58,85,0,3,12,100,85,1
374,Siswa 374,66,80,4,1,15,80,46,1
375,Siswa 375,68,83,0,8,9,98,50,1
376,Siswa 376,84,80,4,7,9,76,58,1
377,Siswa 377,94,83,6,0,11,66,67,1
378,Siswa 378,47,82,6,3,9,96,100,1
379,Siswa 379,60,87,5,3,5,92,93,0
380,Siswa 380,61,80,8,2,10,72,42,1
381,Siswa 381,71,83,4,7,6,59,44,1
382,Siswa 382,47,80,5,5,10,64,50,0
383,Siswa 383,64,72,5,8,15,56,83,1
384,Siswa 384,43,87,0,3,10,91,87,1
385,Siswa 385,78,84,2,4,10,46,94,1
386,Siswa 386,91,80,7,0,13,40,58,1
387,Siswa 387,69,89,0,8,3,81,98,0
388,Siswa 388,49,94,0,0,6,67,46,0
389,Siswa 389,85,86,2,3,9,47,67,1
390,Siswa 390,70,75,7,3,15,72,52,1
391,Siswa 391,95,77,3,8,12,52,100,1
392,Siswa 392,42,95,2,2,1,46,88,1
393,Siswa 393,88,79,5,6,10,67,84,1
394,Siswa 394,78,93,0,2,5,46,79,0
395,Siswa 395,64,84,2,6,8,47,79,1
396,Siswa 396,49,88,4,8,0,84,54,1
397,Siswa 397,69,92,3,0,5,56,74,1
398,Siswa 398,75,81,6,0,13,53,100,1
399,Siswa 399,99,91,0,0,9,73,66,0
400,Siswa 400,87,93,5,2,0,83,51,1
401,Siswa 401,74,88,8,2,2,76,52,0
402,Siswa 402,46,92,4,1,3,82,56,1
403,Siswa 403,59,88,0,1,11,90,81,1
404,Siswa 404,89,90,2,4,4,54,80,0
405,Siswa 405,45,85,7,7,1,94,62,1
406,Siswa 406,71,88,2,4,6,61,65,1
407,Siswa 407,64,96,2,2,0,40,99,1
408,Siswa 408,48,83,0,6,11,69,86,1
409,Siswa 409,70,86,8,5,1,99,76,0
410,Siswa 410,63,81,4,6,9,65,54,1
411,Siswa 411,58,79,4,3,14,54,94,1
412,Siswa 412,91,80,6,0,14,47,90,1
413,Siswa 413,76,91,4,1,4,77,76,0
414,Siswa 414,79,90,3,1,6,68,83,0
415,Siswa 415,75,90,2,1,7,69,64,1
416,Siswa 416,86,90,0,6,4,96,74,0
417,Siswa 417,43,82,2,6,10,71,86,1
418,Siswa 418,44,78,3,7,12,67,44,1
419,Siswa 419,44,82,5,3,10,48,99,1
420,Siswa 420,74,83,3,1,13,61,79,1
421,Siswa 421,51,87,1,4,8,59,86,1
422,Siswa 422,44,81,6,3,10,65,59,1
423,Siswa 423,58,88,3,6,3,93,84,1
424,Siswa 424,82,72,7,6,15,84,51,1
425,Siswa 425,100,80,5,5,10,69,86,0
426,Siswa 426,72,72,7,6,15,72,46,1
427,Siswa 427,43,80,6,2,12,77,87,1
428,Siswa 428,52,86,6,7,1,90,96,1
429,Siswa 429,84,76,7,2,15,73,45,1
430,Siswa 430,73,88,4,4,4,73,82,0
431,Siswa 431,96,87,3,8,2,79,55,0
432,Siswa 432,90,80,8,1,11,65,85,1
433,Siswa 433,82,79,7,8,6,90,95,0
434,Siswa 434,94,89,2,8,1,54,69,0
435,Siswa 435,51,83,7,4,6,74,76,1
436,Siswa 436,85,96,1,2,1,73,46,0
437,Siswa 437,69,88,1,5,6,95,92,1
438,Siswa 438,60,77,5,8,10,57,40,1
439,Siswa 439,69,97,2,0,1,51,84,1
440,Siswa 440,62,87,2,8,3,94,89,1
441,Siswa 441,50,75,5,6,14,73,48,1
442,Siswa 442,95,78,0,7,15,77,76,1
443,Siswa 443,53,93,1,6,0,55,85,1
444,Siswa 444,84,83,6,1,10,77,86,0
445,Siswa 445,40,84,2,8,6,64,75,1
446,Siswa 446,98,80,7,7,6,57,61,1
447,Siswa 447,74,92,2,5,1,49,81,0
448,Siswa 448,77,78,5,8,9,62,68,1
449,Siswa 449,98,91,7,1,1,84,100,0
450,Siswa 450,60,96,1,2,1,74,72,0
451,Siswa 451,44,90,5,2,3,84,88,1
452,Siswa 452,89,74,6,7,13,100,41,0
453,Siswa 453,83,80,8,0,12,50,57,1
454,Siswa 454,60,93,3,3,1,72,52,1
455,Siswa 455,94,79,6,8,7,59,89,1
456,Siswa 456,79,83,3,8,6,44,100,1
457,Siswa 457,42,87,4,6,3,51,90,1
458,Siswa 458,85,86,5,4,5,98,44,0
459,Siswa 459,93,94,1,3,2,93,78,0
460,Siswa 460,61,77,7,4,12,98,63,1
461,Siswa 461,45,90,3,0,7,81,73,1
462,Siswa 462,77,78,6,3,13,83,72,1
463,Siswa 463,44,82,1,5,12,91,92,1
464,Siswa 464,63,87,8,2,3,76,60,0
465,Siswa 465,60,79,5,5,11,51,51,1
466,Siswa 466,59,79,0,7,14,51,50,1
467,Siswa 467,75,81,5,2,12,83,78,1
468,Siswa 468,52,83,7,4,6,56,97,1
469,Siswa 469,44,84,5,7,4,93,49,1
470,Siswa 470,72,82,3,7,8,71,92,0
471,Siswa 471,47,93,0,6,1,52,93,1
472,Siswa 472,93,88,4,4,4,49,82,0
473,Siswa 473,60,80,2,3,15,46,87,1
474,Siswa 474,66,89,0,1,10,51,68,1
475,Siswa 475,88,75,7,4,14,58,64,1
476,Siswa 476,67,82,5,7,6,81,53,1
477,Siswa 477,44,90,0,5,5,90,85,1
478,Siswa 478,91,87,2,2,9,50,82,1
479,Siswa 479,67,69,8,8,15,69,73,1
480,Siswa 480,60,77,8,0,15,74,70,1
481,Siswa 481,80,88,8,1,3,57,93,0
482,Siswa 482,65,90,3,1,6,81,66,1
483,Siswa 483,69,87,0,6,7,85,48,1
484,Siswa 484,87,74,8,5,13,55,82,1
485,Siswa 485,42,85,8,0,7,51,95,1
486,Siswa 486,48,80,3,5,12,71,96,1
487,Siswa 487,82,82,3,4,11,65,42,1
488,Siswa 488,47,89,3,3,5,90,49,1
489,Siswa 489,98,85,3,2,10,99,98,0
490,Siswa 490,54,88,5,0,7,70,77,1
491,Siswa 491,76,82,1,4,13,95,62,1
492,Siswa 492,43,88,0,5,7,61,78,1
493,Siswa 493,83,76,6,5,13,94,76,1
494,Siswa 494,95,74,8,3,15,89,67,1
495,Siswa 495,55,89,8,1,2,78,91,1
496,Siswa 496,67,87,3,1,9,97,90,1
497,Siswa 497,75,75,6,5,14,71,50,1
498,Siswa 498,64,75,6,6,13,91,61,1
499,Siswa 499,92,76,5,7,12,88,62,1
500,Siswa 500,69,92,1,2,5,80,81,0
501,Siswa 501,42,86,6,1,7,59,62,1
502,Siswa 502,96,80,5,8,7,71,88,0
503,Siswa 503,84,73,7,8,12,44,51,1
504,Siswa 504,47,82,6,1,11,56,82,1
505,Siswa 505,40,84,0,3,13,67,41,1
506,Siswa 506,91,84,1,5,10,94,96,0
507,Siswa 507,59,87,1,7,5,71,73,1
508,Siswa 508,47,90,6,3,1,61,86,1
509,Siswa 509,43,77,6,8,9,70,92,1
510,Siswa 510,47,91,5,1,3,99,98,1
511,Siswa 511,78,86,1,8,5,41,62,0
512,Siswa 512,58,87,3,7,3,94,70,1
513,Siswa 513,69,84,2,2,12,40,56,1
514,Siswa 514,60,73,7,7,13,94,52,1
515,Siswa 515,84,81,8,6,5,56,59,1
516,Siswa 516,59,76,3,6,15,93,56,1
517,Siswa 517,78,82,3,4,11,93,52,1
518,Siswa 518,74,91,3,0,6,52,85,1
519,Siswa 519,99,91,3,2,4,44,49,1
520,Siswa 520,67,79,4,3,14,80,83,0
521,Siswa 521,67,78,3,8,11,82,60,1
522,Siswa 522,69,73,4,8,15,80,59,1
523,Siswa 523,71,80,6,3,11,74,76,1
524,Siswa 524,59,88,7,2,3,92,41,1
525,Siswa 525,69,87,6,2,5,82,88,0
526,Siswa 526,44,94,0,5,1,88,46,1
527,Siswa 527,92,81,8,5,6,100,95,0
528,Siswa 528,92,74,5,8,13,86,60,1
529,Siswa 529,92,84,0,7,9,60,91,1
530,Siswa 530,77,86,1,6,7,73,75,0
531,Siswa 531,70,85,7,4,4,88,88,0
532,Siswa 532,84,81,7,2,10,61,55,1
533,Siswa 533,51,82,0,5,13,44,54,1
534,Siswa 534,76,80,8,5,7,91,86,0
535,Siswa 535,54,97,0,0,3,43,76,1
536,Siswa 536,52,79,7,1,13,60,77,1
537,Siswa 537,79,83,4,4,9,51,92,1
538,Siswa 538,86,89,6,5,0,61,66,0
539,Siswa 539,79,76,4,7,13,40,53,1
540,Siswa 540,69,90,8,2,0,40,52,1
541,Siswa 541,42,80,6,4,10,65,90,1
542,Siswa 542,92,91,6,1,2,46,55,0
543,Siswa 543,84,79,5,6,10,64,98,1
544,Siswa 544,86,78,2,6,14,87,61,1
545,Siswa 545,93,87,6,3,4,91,79,0
546,Siswa 546,68,82,5,1,12,99,51,0
547,Siswa 547,62,90,7,0,3,46,91,1
548,Siswa 548,44,80,7,5,8,41,62,1
549,Siswa 549,51,89,6,1,4,93,42,1
550,Siswa 550,81,86,2,0,12,91,59,1
551,Siswa 551,42,95,3,0,2,58,96,1
552,Siswa 552,60,85,4,6,5,86,82,0
553,Siswa 553,83,85,6,8,1,77,63,0
554,Siswa 554,92,84,4,2,10,46,55,1
555,Siswa 555,98,84,8,7,1,94,47,0
556,Siswa 556,90,93,1,5,1,41,61,0
557,Siswa 557,89,84,5,6,5,84,72,0
558,Siswa 558,72,83,5,4,8,95,85,0
559,Siswa 559,61,84,6,0,10,55,82,1
560,Siswa 560,63,85,1,2,12,53,59,1
561,Siswa 561,42,94,1,4,1,77,42,1
562,Siswa 562,42,88,5,7,0,87,58,1
563,Siswa 563,41,79,0,7,14,53,73,1
564,Siswa 564,69,90,7,0,3,65,60,1
565,Siswa 565,59,81,8,2,9,80,76,1
566,Siswa 566,64,89,1,4,6,63,51,0
567,Siswa 567,77,85,3,3,9,76,68,0
568,Siswa 568,82,78,4,6,12,69,67,1
569,Siswa 569,86,76,8,5,11,73,45,1
570,Siswa 570,100,83,2,1,14,43,69,1
571,Siswa 571,56,75,8,8,9,87,58,1
572,Siswa 572,41,98,2,0,0,41,47,1
573,Siswa 573,44,96,0,0,4,65,89,1
574,Siswa 574,94,74,4,8,14,53,70,1
575,Siswa 575,43,83,7,1,9,94,65,1
576,Siswa 576,67,81,6,1,12,96,63,1
577,Siswa 577,57,85,3,6,6,90,54,1
578,Siswa 578,93,92,3,1,4,76,41,0
579,Siswa 579,73,89,4,6,1,62,80,0
580,Siswa 580,98,81,6,0,13,72,61,1
581,Siswa 581,95,72,7,8,13,67,41,1
582,Siswa 582,60,81,6,2,11,49,61,1
583,Siswa 583,50,81,5,5,9,91,62,1
584,Siswa 584,94,87,0,5,8,62,41,1
585,Siswa 585,79,80,5,5,10,53,57,1
586,Siswa 586,95,90,2,2,6,79,76,1
587,Siswa 587,79,83,6,3,8,44,92,1
588,Siswa 588,47,72,8,5,15,85,59,1
589,Siswa 589,59,81,5,1,13,99,53,1
590,Siswa 590,52,86,5,3,6,96,74,1
591,Siswa 591,93,85,0,8,7,43,84,1
592,Siswa 592,95,76,7,7,10,67,89,1
593,Siswa 593,74,83,8,2,7,50,59,1
594,Siswa 594,97,80,3,7,10,63,99,0
595,Siswa 595,70,87,7,5,1,56,58,1
596,Siswa 596,96,93,6,1,0,96,71,0
597,Siswa 597,45,95,2,2,1,84,54,0
598,Siswa 598,60,80,6,1,13,74,58,1
599,Siswa 599,78,94,0,5,1,98,86,0
600,Siswa 600,88,98,2,0,0,99,71,0
601,Siswa 601,96,80,4,6,10,81,51,1
602,Siswa 602,98,85,6,4,5,65,97,0
603,Siswa 603,54,99,0,0,1,90,78,1
604,Siswa 604,95,78,7,7,8,92,65,1
605,Siswa 605,92,83,3,8,6,75,68,0
606,Siswa 606,44,84,3,4,9,68,57,1
607,Siswa 607,85,82,5,0,13,79,90,1
608,Siswa 608,80,89,5,5,1,90,63,0
609,Siswa 609,97,89,6,3,2,61,84,0
610,Siswa 610,97,72,6,8,14,81,90,1
611,Siswa 611,85,87,0,7,6,86,87,0
612,Siswa 612,80,83,1,8,8,53,70,1
613,Siswa 613,43,85,8,6,1,55,43,1
614,Siswa 614,62,77,3,5,15,96,95,1
615,Siswa 615,84,77,8,8,7,43,97,1
616,Siswa 616,78,78,2,6,14,74,86,1
617,Siswa 617,66,76,7,8,9,40,72,0
618,Siswa 618,95,93,0,0,7,100,90,0
619,Siswa 619,98,76,5,4,15,45,97,1
620,Siswa 620,89,80,5,0,15,43,49,1
621,Siswa 621,62,80,4,2,14,94,77,1
622,Siswa 622,100,89,2,6,3,52,47,1
623,Siswa 623,40,87,1,1,11,100,84,1
624,Siswa 624,42,77,7,4,12,67,42,1
625,Siswa 625,68,90,6,4,0,81,71,0
626,Siswa 626,87,90,1,4,5,73,85,0
627,Siswa 627,64,76,6,7,11,83,74,1
628,Siswa 628,100,86,0,0,14,81,68,1
629,Siswa 629,42,86,2,1,11,98,92,1
630,Siswa 630,52,89,6,0,5,59,47,0
631,Siswa 631,61,82,0,8,10,44,55,1
632,Siswa 632,68,74,7,5,14,46,63,1
633,Siswa 633,57,90,2,1,7,52,44,1
634,Siswa 634,53,86,4,6,4,62,67,1
635,Siswa 635,84,79,5,4,12,71,45,1
636,Siswa 636,87,82,4,4,10,95,61,0
637,Siswa 637,46,82,8,2,8,100,58,1
638,Siswa 638,83,88,6,3,3,78,46,1
639,Siswa 639,72,83,4,4,9,49,40,1
640,Siswa 640,55,80,8,0,12,49,50,1
641,Siswa 641,90,94,1,1,4,84,85,1
642,Siswa 642,85,85,3,1,11,84,42,1
643,Siswa 643,91,73,5,7,15,67,76,1
644,Siswa 644,96,73,8,6,13,54,75,1
645,Siswa 645,48,93,4,3,0,75,87,0
646,Siswa 646,68,92,2,0,6,56,65,1
647,Siswa 647,82,89,3,7,1,80,77,0
648,Siswa 648,67,91,3,6,0,73,45,1
649,Siswa 649,86,91,7,2,0,48,85,0
650,Siswa 650,54,88,6,4,2,98,67,1
651,Siswa 651,56,76,8,6,10,60,57,1
652,Siswa 652,43,90,5,0,5,66,73,1
653,Siswa 653,76,86,8,3,3,83,49,0
654,Siswa 654,44,84,2,3,11,56,85,1
655,Siswa 655,59,95,3,0,2,54,79,1
656,Siswa 656,41,84,7,2,7,92,45,1
657,Siswa 657,70,85,4,6,5,93,90,0
658,Siswa 658,82,84,5,6,5,99,97,0
659,Siswa 659,87,90,5,1,4,47,79,0
660,Siswa 660,58,91,4,2,3,53,64,1
661,Siswa 661,72,87,2,4,7,54,81,1
662,Siswa 662,52,83,4,5,8,83,42,0
663,Siswa 663,75,72,6,7,15,99,85,1
664,Siswa 664,91,85,3,2,10,49,60,1
665,Siswa 665,72,83,5,0,12,92,72,1
666,Siswa 666,79,78,6,5,11,71,68,1
667,Siswa 667,88,83,3,1,13,76,46,1
668,Siswa 668,52,84,7,6,3,58,50,1
669,Siswa 669,43,93,2,0,5,83,49,1
670,Siswa 670,51,88,4,5,3,85,85,1
671,Siswa 671,98,87,5,8,0,49,76,0
672,Siswa 672,94,84,6,1,9,83,84,0
673,Siswa 673,69,93,4,3,0,95,70,0
674,Siswa 674,100,74,8,7,11,51,72,1
675,Siswa 675,99,90,8,1,1,71,41,0
676,Siswa 676,100,79,7,3,11,67,100,0
677,Siswa 677,97,87,2,2,9,55,44,1
678,Siswa 678,70,87,2,4,7,47,47,1
679,Siswa 679,76,76,5,4,15,68,96,1
680,Siswa 680,81,86,1,2,11,96,90,1
681,Siswa 681,61,82,3,6,9,82,41,1
682,Siswa 682,65,89,7,4,0,51,78,1
683,Siswa 683,49,76,3,6,15,55,51,1
684,Siswa 684,40,72,8,5,15,94,41,1
685,Siswa 685,40,90,1,5,4,70,71,1
686,Siswa 686,86,81,8,1,10,62,85,0
687,Siswa 687,47,93,1,4,2,69,46,1
688,Siswa 688,77,86,0,1,13,57,54,1
689,Siswa 689,99,83,7,5,5,93,73,0
690,Siswa 690,97,82,0,3,15,87,69,1
691,Siswa 691,52,78,6,5,11,58,50,1
692,Siswa 692,40,79,2,4,15,57,51,1
693,Siswa 693,75,91,1,2,6,91,46,1
694,Siswa 694,69,85,6,2,7,53,87,1
695,Siswa 695,64,78,8,4,10,62,76,1
696,Siswa 696,91,76,5,6,13,52,69,1
697,Siswa 697,57,76,6,7,11,68,47,1
698,Siswa 698,52,73,7,8,12,75,67,1
699,Siswa 699,66,88,7,5,0,57,61,1
700,Siswa 700,60,96,2,0,2,66,70,0
701,Siswa 701,69,82,5,0,13,94,54,1
702,Siswa 702,60,90,0,7,3,74,65,0
703,Siswa 703,97,70,8,8,14,84,86,1
704,Siswa 704,40,74,3,8,15,100,61,1
705,Siswa 705,64,76,6,5,13,61,57,1
706,Siswa 706,77,85,4,7,4,57,57,1
707,Siswa 707,59,81,0,7,12,81,42,1
708,Siswa 708,47,91,7,2,0,42,69,1
709,Siswa 709,76,77,8,7,8,99,54,1
710,Siswa 710,84,88,1,5,6,82,43,1
711,Siswa 711,63,85,6,3,6,59,48,1
712,Siswa 712,84,86,1,2,11,50,59,1
713,Siswa 713,46,74,7,4,15,98,90,1
714,Siswa 714,84,81,5,7,7,55,90,1
715,Siswa 715,54,82,5,1,12,68,87,1
716,Siswa 716,96,82,8,3,7,68,98,0
717,Siswa 717,80,97,3,0,0,46,51,1
718,Siswa 718,96,75,8,7,10,52,89,1
719,Siswa 719,42,76,6,7,11,42,91,1
720,Siswa 720,52,77,2,6,15,71,47,1
721,Siswa 721,48,83,6,1,10,73,77,1
722,Siswa 722,96,81,7,4,8,94,80,0
723,Siswa 723,72,87,3,5,5,48,87,0
724,Siswa 724,54,83,1,5,11,65,45,1
725,Siswa 725,42,96,3,0,1,58,84,1
726,Siswa 726,42,88,1,1,10,82,64,0
727,Siswa 727,82,84,5,8,3,84,80,0
728,Siswa 728,50,87,0,3,10,76,45,1
729,Siswa 729,50,86,1,1,12,99,66,1
730,Siswa 730,49,84,8,1,7,50,45,1
731,Siswa 731,50,91,8,0,1,70,75,1
732,Siswa 732,83,91,3,5,1,86,44,0
733,Siswa 733,66,87,8,5,0,51,95,1
734,Siswa 734,57,75,7,8,10,91,72,1
735,Siswa 735,91,86,3,0,11,70,96,1
736,Siswa 736,84,70,8,8,14,47,63,1
737,Siswa 737,85,89,1,1,9,60,81,0
738,Siswa 738,82,80,0,5,15,50,73,1
739,Siswa 739,89,96,3,1,0,81,49,0
740,Siswa 740,73,85,1,2,12,55,50,1
741,Siswa 741,58,88,2,1,9,44,47,1
742,Siswa 742,99,85,8,4,3,96,69,0
743,Siswa 743,83,89,5,5,1,78,44,0
744,Siswa 744,79,87,8,5,0,62,86,0
745,Siswa 745,87,75,4,7,14,50,68,1
746,Siswa 746,86,84,3,4,9,53,88,1
747,Siswa 747,54,80,6,5,9,53,42,0
748,Siswa 748,49,79,6,2,13,71,86,1
749,Siswa 749,82,83,3,2,12,59,44,1
750,Siswa 750,68,74,4,7,15,99,40,1
751,Siswa 751,93,87,3,8,2,61,81,0
752,Siswa 752,98,92,4,0,4,98,92,0
753,Siswa 753,73,94,4,2,0,42,61,0
754,Siswa 754,45,85,2,0,13,94,47,1
755,Siswa 755,78,77,5,8,10,71,67,1
756,Siswa 756,100,87,5,5,3,95,64,0
757,Siswa 757,89,84,3,7,6,41,99,1
758,Siswa 758,52,91,1,1,7,41,50,1
759,Siswa 759,53,94,0,4,2,80,43,1
760,Siswa 760,97,82,2,2,14,80,74,1
761,Siswa 761,82,91,2,4,3,75,69,0
762,Siswa 762,40,91,0,8,1,44,54,1
763,Siswa 763,55,82,2,4,12,49,67,1
764,Siswa 764,46,90,4,4,2,98,86,1
765,Siswa 765,52,79,5,2,14,74,42,1
766,Siswa 766,95,92,3,4,1,41,85,0
767,Siswa 767,97,90,4,3,3,80,75,0
768,Siswa 768,89,93,4,2,1,92,67,0
769,Siswa 769,46,80,6,2,12,58,67,1
770,Siswa 770,88,86,3,1,10,99,80,0
771,Siswa 771,66,92,7,1,0,82,79,0
772,Siswa 772,94,80,6,0,14,98,73,1
773,Siswa 773,55,91,4,5,0,72,95,1
774,Siswa 774,79,87,7,5,1,70,49,0
775,Siswa 775,66,88,4,6,2,53,92,1
776,Siswa 776,84,86,2,7,5,69,58,0
777,Siswa 777,40,87,2,2,9,64,64,1
778,Siswa 778,73,95,0,5,0,68,59,0
779,Siswa 779,48,80,6,1,13,76,100,1
780,Siswa 780,55,92,1,7,0,64,70,1
781,Siswa 781,98,78,3,7,12,91,96,1
782,Siswa 782,72,86,0,4,10,56,41,1
783,Siswa 783,84,84,1,5,10,75,81,0
784,Siswa 784,60,86,5,7,2,70,100,0
785,Siswa 785,69,80,4,3,13,74,83,1
786,Siswa 786,87,81,6,0,13,90,69,1
787,Siswa 787,98,76,4,5,15,98,67,1
788,Siswa 788,58,84,3,2,11,54,49,1
789,Siswa 789,71,81,1,8,10,75,57,1
790,Siswa 790,69,90,4,2,4,85,69,0
791,Siswa 791,48,88,6,4,2,93,91,1
792,Siswa 792,41,77,4,5,14,98,70,1
793,Siswa 793,83,81,7,6,6,60,64,1
794,Siswa 794,46,89,1,1,9,43,85,1
795,Siswa 795,45,92,2,6,0,88,97,1
796,Siswa 796,89,83,5,2,10,76,43,1
797,Siswa 797,61,82,6,5,7,73,45,0
798,Siswa 798,90,79,6,6,9,51,95,1
799,Siswa 799,47,89,0,6,5,63,79,1
800,Siswa 800,54,81,8,1,10,99,43,1
801,Siswa 801,73,87,7,5,1,47,96,0
802,Siswa 802,53,85,8,2,5,100,100,1
803,Siswa 803,58,77,0,8,15,80,66,1
804,Siswa 804,89,93,0,1,6,94,78,0
805,Siswa 805,84,89,3,0,8,84,43,1
806,Siswa 806,63,79,7,4,10,84,68,1
807,Siswa 807,47,88,0,3,9,48,40,1
808,Siswa 808,50,70,8,7,15,53,63,1
809,Siswa 809,60,73,8,7,12,73,47,0
810,Siswa 810,59,78,0,8,14,42,90,1
811,Siswa 811,66,81,2,8,9,76,100,1
812,Siswa 812,74,91,8,1,0,91,46,0
813,Siswa 813,80,78,5,6,11,66,66,1
814,Siswa 814,47,81,0,6,13,55,53,1
815,Siswa 815,43,79,8,5,8,74,69,1
816,Siswa 816,61,93,0,7,0,66,63,1
817,Siswa 817,99,88,7,0,5,99,84,0
818,Siswa 818,49,85,8,0,7,89,100,1
819,Siswa 819,94,77,7,8,8,60,51,0
820,Siswa 820,43,79,2,7,12,80,85,1
821,Siswa 821,48,88,1,8,3,76,88,1
822,Siswa 822,43,85,3,0,12,44,67,1
823,Siswa 823,64,91,0,1,8,84,55,1
824,Siswa 824,81,93,5,1,1,95,67,0
825,Siswa 825,49,87,5,7,1,41,98,1
826,Siswa 826,76,88,5,3,4,57,80,0
827,Siswa 827,74,93,0,2,5,86,84,0
828,Siswa 828,91,80,5,1,14,62,52,1
829,Siswa 829,99,82,0,8,10,80,81,0
830,Siswa 830,46,94,1,0,5,68,78,1
831,Siswa 831,88,78,7,6,9,93,95,0
832,Siswa 832,63,91,3,5,1,66,51,1
833,Siswa 833,78,79,8,2,11,80,69,1
834,Siswa 834,72,89,6,2,3,92,85,0
835,Siswa 835,77,80,4,1,15,65,54,1
836,Siswa 836,48,87,8,5,0,53,66,1
837,Siswa 837,72,87,1,2,10,58,42,0
838,Siswa 838,90,82,1,6,11,81,59,0
839,Siswa 839,44,78,6,4,12,97,98,1
840,Siswa 840,80,86,5,5,4,63,80,0
841,Siswa 841,71,83,8,6,3,83,46,0
842,Siswa 842,53,81,8,4,7,56,82,1
843,Siswa 843,41,88,3,2,7,71,65,1
844,Siswa 844,62,83,1,8,8,97,68,1
845,Siswa 845,77,95,0,3,2,40,82,0
846,Siswa 846,99,83,5,6,6,79,53,1
847,Siswa 847,88,84,2,3,11,53,46,1
848,Siswa 848,100,94,3,1,2,70,94,0
849,Siswa 849,100,82,4,1,13,62,47,1
850,Siswa 850,92,88,5,0,7,65,48,1
851,Siswa 851,90,80,6,3,11,64,91,1
852,Siswa 852,51,91,7,0,2,68,43,1
853,Siswa 853,73,87,4,8,1,48,75,0
854,Siswa 854,41,84,6,2,8,68,52,1
855,Siswa 855,58,79,7,5,9,54,62,1
856,Siswa 856,55,74,5,8,13,84,98,1
857,Siswa 857,73,75,7,6,12,49,99,1
858,Siswa 858,77,91,1,7,1,99,50,0
859,Siswa 859,93,88,2,2,8,76,55,1
860,Siswa 860,41,90,2,6,2,46,59,1
861,Siswa 861,98,92,1,4,3,76,74,1
862,Siswa 862,85,97,1,2,0,96,74,0
863,Siswa 863,87,76,6,3,15,59,45,1
864,Siswa 864,79,89,5,2,4,42,97,0
865,Siswa 865,62,98,0,2,0,81,55,1
866,Siswa 866,85,88,0,0,12,63,95,1
867,Siswa 867,88,92,0,0,8,63,51,1
868,Siswa 868,90,83,5,7,5,80,60,0
869,Siswa 869,100,84,7,5,4,75,72,0
870,Siswa 870,94,83,3,7,7,43,97,1
871,Siswa 871,47,83,8,4,5,86,47,1
872,Siswa 872,65,89,1,0,10,62,43,1
873,Siswa 873,84,78,4,5,13,49,74,1
874,Siswa 874,71,76,6,4,14,48,54,1
875,Siswa 875,41,84,4,3,9,90,63,1
876,Siswa 876,53,82,8,3,7,61,41,0
877,Siswa 877,63,77,3,7,13,80,72,0
878,Siswa 878,74,78,5,5,12,99,45,1
879,Siswa 879,41,87,0,3,10,85,89,1
880,Siswa 880,67,80,0,7,13,57,63,1
881,Siswa 881,43,95,0,5,0,78,54,1
882,Siswa 882,51,92,6,1,1,68,50,1
883,Siswa 883,50,74,7,5,14,64,41,1
884,Siswa 884,99,73,4,8,15,56,43,1
885,Siswa 885,71,87,1,5,7,99,52,1
886,Siswa 886,76,86,0,8,6,82,92,0
887,Siswa 887,93,91,1,0,8,80,48,1
888,Siswa 888,49,90,1,8,1,51,83,1
889,Siswa 889,43,75,7,3,15,100,64,1
890,Siswa 890,66,82,8,0,10,74,81,1
891,Siswa 891,79,98,0,0,2,78,78,0
892,Siswa 892,79,90,8,1,1,86,66,0
893,Siswa 893,47,82,7,4,7,97,96,1
894,Siswa 894,81,91,4,1,4,81,78,0
895,Siswa 895,69,81,6,3,10,54,98,1
896,Siswa 896,61,83,1,6,10,99,40,1
897,Siswa 897,45,90,4,5,1,100,52,1
898,Siswa 898,79,75,6,6,13,80,54,1
899,Siswa 899,79,73,8,7,12,50,82,1
900,Siswa 900,98,80,6,5,9,42,79,1
901,Siswa 901,92,79,1,6,14,48,84,1
902,Siswa 902,85,84,7,6,3,72,70,0
903,Siswa 903,48,80,5,1,14,57,83,1
904,Siswa 904,43,87,1,6,6,52,65,1
905,Siswa 905,43,70,8,8,14,72,56,1
906,Siswa 906,73,83,3,5,9,57,90,1
907,Siswa 907,63,92,5,0,3,94,74,0
908,Siswa 908,92,75,7,7,11,51,47,1
909,Siswa 909,49,87,5,2,6,68,94,0
910,Siswa 910,70,73,7,7,13,78,58,1
911,Siswa 911,47,80,0,6,14,96,82,1
912,Siswa 912,86,88,7,2,3,61,55,0
913,Siswa 913,65,82,8,3,7,76,51,1
914,Siswa 914,84,97,0,3,0,70,43,0
915,Siswa 915,95,84,0,7,9,56,67,1
916,Siswa 916,56,88,0,3,9,44,72,1
917,Siswa 917,44,78,8,2,12,62,100,1
918,Siswa 918,79,77,7,7,9,97,45,1
919,Siswa 919,58,86,4,8,2,54,56,1
920,Siswa 920,61,79,5,6,10,77,66,1
921,Siswa 921,65,86,5,8,1,51,95,1
922,Siswa 922,83,74,5,6,15,80,64,1
923,Siswa 923,84,75,6,7,12,41,60,0
924,Siswa 924,48,93,2,4,1,94,69,1
925,Siswa 925,60,87,3,1,9,89,99,1
926,Siswa 926,61,81,6,8,5,66,86,0
927,Siswa 927,78,82,6,0,12,77,69,1
928,Siswa 928,68,82,2,7,9,100,100,1
929,Siswa 929,75,92,1,3,4,92,60,0
930,Siswa 930,51,95,2,2,1,76,57,1
931,Siswa 931,84,88,2,6,4,60,87,0
932,Siswa 932,50,93,2,1,4,52,78,1
933,Siswa 933,75,79,0,8,13,63,92,1
934,Siswa 934,52,89,0,5,6,77,59,1
935,Siswa 935,70,73,7,5,15,98,72,1
936,Siswa 936,47,91,2,2,5,66,50,1
937,Siswa 937,40,89,4,2,5,88,55,1
938,Siswa 938,82,92,2,2,4,79,65,0
939,Siswa 939,100,90,8,2,0,70,88,0
940,Siswa 940,55,85,7,8,0,92,84,1
941,Siswa 941,89,85,3,0,12,59,71,1
942,Siswa 942,88,88,4,4,4,40,57,1
943,Siswa 943,90,81,5,1,13,50,83,1
944,Siswa 944,91,89,5,0,6,84,41,1
945,Siswa 945,49,85,7,7,1,58,76,1
946,Siswa 946,91,74,6,6,14,56,65,1
947,Siswa 947,85,80,8,2,10,77,54,1
948,Siswa 948,71,86,7,5,2,40,85,0
949,Siswa 949,86,83,8,7,2,70,48,0
950,Siswa 950,61,91,2,4,3,69,82,0
951,Siswa 951,84,80,7,5,8,64,73,0
952,Siswa 952,48,90,2,6,2,85,40,1
953,Siswa 953,79,99,0,0,1,57,71,0
954,Siswa 954,44,85,3,6,6,78,65,1
955,Siswa 955,93,81,7,7,5,64,95,0
956,Siswa 956,73,83,2,0,15,56,79,0
957,Siswa 957,64,87,1,4,8,80,54,1
958,Siswa 958,67,80,2,6,12,83,89,1
959,Siswa 959,77,91,8,1,0,91,48,0
960,Siswa 960,45,85,3,3,9,96,63,1
961,Siswa 961,47,83,8,7,2,62,94,1
962,Siswa 962,53,88,2,8,2,54,63,1
963,Siswa 963,52,73,8,7,12,61,95,1
964,Siswa 964,68,87,8,1,4,84,77,0
965,Siswa 965,70,78,4,7,11,65,61,1
966,Siswa 966,99,81,6,1,12,47,40,1
967,Siswa 967,97,93,6,0,1,69,80,0
968,Siswa 968,57,90,6,2,2,96,44,1
969,Siswa 969,64,77,4,6,13,71,92,1
970,Siswa 970,98,86,8,5,1,74,69,0
971,Siswa 971,67,82,8,8,2,94,80,1
972,Siswa 972,90,86,0,3,11,55,62,1
973,Siswa 973,86,97,0,1,2,94,96,0
974,Siswa 974,71,86,1,5,8,97,76,0
975,Siswa 975,74,87,4,7,2,71,76,0
976,Siswa 976,52,84,5,5,6,60,88,1
977,Siswa 977,66,77,2,7,14,73,100,1
978,Siswa 978,56,92,3,4,1,88,90,1
979,Siswa 979,73,82,6,0,12,45,76,1
980,Siswa 980,42,85,4,8,3,95,51,1
981,Siswa 981,99,80,6,5,9,75,53,1
982,Siswa 982,61,91,0,6,3,71,41,1
983,Siswa 983,91,85,0,7,8,84,97,0
984,Siswa 984,42,78,6,7,9,47,80,0
985,Siswa 985,97,79,7,2,12,98,96,1
986,Siswa 986,48,86,1,0,13,44,85,1
987,Siswa 987,95,82,4,2,12,89,54,1
988,Siswa 988,96,83,4,3,10,57,83,1
989,Siswa 989,51,77,2,7,14,94,61,1
990,Siswa 990,50,75,8,3,14,81,89,1
991,Siswa 991,54,84,0,8,8,100,65,1
992,Siswa 992,49,80,3,3,14,80,61,1
993,Siswa 993,72,77,5,5,13,55,95,1
994,Siswa 994,86,83,1,5,11,69,41,1
995,Siswa 995,45,85,8,1,6,83,75,1
996,Siswa 996,47,85,1,7,7,98,75,1
997,Siswa 997,44,76,5,4,15,43,85,1
998,Siswa 998,80,90,1,4,5,80,71,0
999,Siswa 999,50,92,0,2,6,76,84,1
1000,Siswa 1000,42,81,3,3,13,76,79,1
1001,Siswa 1001,87,91,2,7,0,41,96,0
1002,Siswa 1002,47,94,2,4,0,77,59,1
1003,Siswa 1003,91,77,6,7,10,46,78,1
1004,Siswa 1004,40,93,2,2,3,75,96,1
1005,Siswa 1005,100,80,7,7,6,65,81,0
1006,Siswa 1006,84,88,8,2,2,89,86,0
1007,Siswa 1007,65,87,4,5,4,76,40,1
1008,Siswa 1008,90,85,2,0,13,56,90,1
1009,Siswa 1009,53,89,8,0,3,81,76,1
1010,Siswa 1010,86,77,5,7,11,85,94,1
1011,Siswa 1011,40,88,5,6,1,92,92,1
1012,Siswa 1012,54,87,4,1,8,55,42,1
1013,Siswa 1013,62,93,1,6,0,70,60,0
1014,Siswa 1014,68,83,7,5,5,76,100,0
1015,Siswa 1015,79,72,7,8,13,79,59,1
1016,Siswa 1016,100,82,5,6,7,65,86,0
1017,Siswa 1017,70,79,3,8,10,63,68,1
1018,Siswa 1018,77,78,0,7,15,63,51,1
1019,Siswa 1019,65,78,1,6,15,85,83,1
1020,Siswa 1020,84,88,1,0,11,89,77,1
1021,Siswa 1021,68,89,3,3,5,61,60,1
1022,Siswa 1022,76,87,7,0,6,64,61,1
1023,Siswa 1023,58,78,7,3,12,42,69,1
1024,Siswa 1024,42,76,5,5,14,45,92,1
1025,Siswa 1025,62,86,1,5,8,44,73,1
1026,Siswa 1026,95,82,7,1,10,57,79,1
1027,Siswa 1027,43,91,7,2,0,80,61,1
1028,Siswa 1028,64,88,3,7,2,57,89,1
1029,Siswa 1029,85,90,2,8,0,82,86,0
1030,Siswa 1030,52,88,1,3,8,69,97,1
1031,Siswa 1031,79,93,0,1,6,84,82,0
1032,Siswa 1032,86,77,6,2,15,47,41,1
1033,Siswa 1033,100,78,2,8,12,59,75,1
1034,Siswa 1034,71,85,6,7,2,88,75,0
1035,Siswa 1035,52,78,2,8,12,97,57,1
1036,Siswa 1036,80,75,8,7,10,58,93,1
1037,Siswa 1037,71,91,1,1,7,88,92,0
1038,Siswa 1038,94,82,6,1,11,64,61,1
1039,Siswa 1039,66,86,6,2,6,84,63,1
1040,Siswa 1040,57,84,3,3,10,78,73,1
1041,Siswa 1041,61,76,8,2,14,99,94,1
1042,Siswa 1042,76,81,3,6,10,59,46,1
1043,Siswa 1043,41,82,4,8,6,49,73,1
1044,Siswa 1044,91,86,1,4,9,97,73,0
1045,Siswa 1045,57,77,8,4,11,56,87,1
1046,Siswa 1046,44,86,2,4,8,67,59,1
1047,Siswa 1047,78,83,1,6,10,41,57,1
1048,Siswa 1048,55,83,5,7,5,60,70,1
1049,Siswa 1049,67,87,4,7,2,41,51,1
1050,Siswa 1050,82,75,3,7,15,73,47,1
1051,Siswa 1051,60,91,1,7,1,65,49,1
1052,Siswa 1052,76,82,4,7,7,43,81,1
1053,Siswa 1053,61,76,8,5,11,48,85,1
1054,Siswa 1054,78,82,8,4,6,70,41,1
1055,Siswa 1055,53,85,5,7,3,46,78,1
1056,Siswa 1056,88,91,1,8,0,78,43,0
1057,Siswa 1057,70,79,5,8,8,69,48,1
1058,Siswa 1058,40,92,6,2,0,93,80,0
1059,Siswa 1059,79,84,6,0,10,59,73,1
1060,Siswa 1060,66,80,3,7,10,46,89,1
1061,Siswa 1061,87,82,6,3,9,93,74,0
1062,Siswa 1062,78,89,1,3,7,47,87,1
1063,Siswa 1063,41,76,3,8,13,41,61,1
1064,Siswa 1064,42,83,7,5,5,97,71,1
1065,Siswa 1065,44,90,6,2,2,57,61,1
1066,Siswa 1066,49,84,4,0,12,41,57,1
1067,Siswa 1067,41,91,0,0,9,65,77,1
1068,Siswa 1068,89,85,6,4,5,65,57,0
1069,Siswa 1069,93,89,4,5,2,53,79,0
1070,Siswa 1070,76,86,0,2,12,80,58,1
1071,Siswa 1071,54,80,7,3,10,61,63,0
1072,Siswa 1072,87,89,3,2,6,56,93,1
1073,Siswa 1073,40,96,1,3,0,98,77,1
1074,Siswa 1074,83,88,1,2,9,52,87,1
1075,Siswa 1075,52,88,4,4,4,45,50,1
1076,Siswa 1076,68,78,4,4,14,92,44,1
1077,Siswa 1077,59,87,1,4,8,90,98,1
1078,Siswa 1078,77,75,5,8,12,87,64,1
1079,Siswa 1079,56,73,7,7,13,59,50,1
1080,Siswa 1080,98,89,2,5,4,61,87,0
1081,Siswa 1081,75,85,6,0,9,81,47,1
1082,Siswa 1082,74,99,0,0,1,58,69,0
1083,Siswa 1083,40,76,3,8,13,51,76,1
1084,Siswa 1084,56,92,4,1,3,78,84,1
1085,Siswa 1085,88,73,5,8,14,47,87,1
1086,Siswa 1086,64,92,3,4,1,85,50,1
1087,Siswa 1087,66,85,1,4,10,61,97,1
1088,Siswa 1088,94,76,8,6,10,47,53,1
1089,Siswa 1089,93,88,1,7,4,45,81,0
1090,Siswa 1090,41,88,8,4,0,53,61,1
1091,Siswa 1091,66,79,5,7,9,75,99,1
1092,Siswa 1092,92,79,5,4,12,88,65,1
1093,Siswa 1093,99,79,6,7,8,72,60,1
1094,Siswa 1094,73,82,7,6,5,67,88,0
1095,Siswa 1095,74,79,0,8,13,82,44,1
1096,Siswa 1096,48,90,0,6,4,64,61,1
1097,Siswa 1097,81,76,8,7,9,78,55,1
1098,Siswa 1098,94,97,2,1,0,95,41,0
1099,Siswa 1099,45,82,3,3,12,42,95,1
1100,Siswa 1100,91,84,2,3,11,60,49,0
1101,Siswa 1101,90,81,3,4,12,73,59,1
1102,Siswa 1102,56,86,0,4,10,58,78,1
1103,Siswa 1103,48,79,6,8,7,84,43,1
1104,Siswa 1104,87,95,0,4,1,99,55,0
1105,Siswa 1105,68,76,5,5,14,77,99,1
1106,Siswa 1106,89,76,5,7,12,92,80,1
1107,Siswa 1107,92,78,5,5,12,54,90,1
1108,Siswa 1108,87,95,2,1,2,77,46,0
1109,Siswa 1109,51,90,5,0,5,56,56,1
1110,Siswa 1110,80,81,3,8,8,53,59,1
1111,Siswa 1111,54,89,1,2,8,84,48,1
1112,Siswa 1112,75,84,2,4,10,44,81,1
1113,Siswa 1113,54,82,3,3,12,47,83,1
1114,Siswa 1114,95,89,0,5,6,45,41,1
1115,Siswa 1115,72,76,8,4,12,55,87,1
1116,Siswa 1116,48,87,7,2,4,88,67,1
1117,Siswa 1117,70,85,8,3,4,53,52,1
1118,Siswa 1118,50,83,8,5,4,57,89,1
1119,Siswa 1119,76,81,6,5,8,81,69,0
1120,Siswa 1120,85,89,1,8,2,90,73,0
1121,Siswa 1121,48,82,7,2,9,62,70,1
1122,Siswa 1122,53,91,6,3,0,75,45,1
1123,Siswa 1123,68,81,5,0,14,48,85,1
1124,Siswa 1124,50,94,1,5,0,90,79,1
1125,Siswa 1125,78,89,8,2,1,63,53,0
1126,Siswa 1126,52,79,1,6,14,57,53,1
1127,Siswa 1127,56,94,6,0,0,88,98,1
1128,Siswa 1128,44,83,3,3,11,46,74,1
1129,Siswa 1129,50,79,4,5,12,63,92,1
1130,Siswa 1130,44,72,8,7,13,73,97,1
1131,Siswa 1131,76,79,7,7,7,100,79,0
1132,Siswa 1132,91,90,0,0,10,67,74,0
1133,Siswa 1133,92,90,4,0,6,58,81,1
1134,Siswa 1134,44,78,8,5,9,46,45,1
1135,Siswa 1135,95,87,0,4,9,75,58,1
1136,Siswa 1136,68,80,6,4,10,94,42,1
1137,Siswa 1137,59,78,1,8,13,77,54,1
1138,Siswa 1138,50,96,2,0,2,53,87,1
1139,Siswa 1139,76,83,5,4,8,44,91,1
1140,Siswa 1140,84,86,7,5,2,43,82,1
1141,Siswa 1141,98,85,2,1,12,99,47,1
1142,Siswa 1142,82,77,7,3,13,86,97,1
1143,Siswa 1143,87,84,6,0,10,88,88,0
1144,Siswa 1144,60,92,2,3,3,66,46,1
1145,Siswa 1145,46,87,6,1,6,95,80,1
1146,Siswa 1146,69,70,7,8,15,48,66,1
1147,Siswa 1147,78,86,4,6,4,79,95,0
1148,Siswa 1148,97,99,1,0,0,41,59,1
1149,Siswa 1149,73,81,0,6,13,63,45,1
1150,Siswa 1150,72,74,7,7,12,96,56,1
1151,Siswa 1151,93,84,6,5,5,75,46,0
1152,Siswa 1152,49,84,4,2,10,78,91,1
1153,Siswa 1153,64,90,0,2,8,54,61,1
1154,Siswa 1154,75,80,1,4,15,51,67,0
1155,Siswa 1155,75,82,1,4,13,95,52,1
1156,Siswa 1156,59,83,3,4,10,76,92,1
1157,Siswa 1157,57,74,5,7,14,72,50,1
1158,Siswa 1158,58,90,3,4,3,57,71,1
1159,Siswa 1159,45,88,1,8,3,51,69,1
1160,Siswa 1160,59,83,5,2,10,47,84,1
1161,Siswa 1161,83,89,4,4,3,54,52,1
1162,Siswa 1162,77,83,3,3,11,74,88,1
1163,Siswa 1163,86,86,0,7,7,61,73,0
1164,Siswa 1164,88,92,2,5,1,93,65,0
1165,Siswa 1165,68,79,5,6,10,41,90,1
1166,Siswa 1166,74,78,4,6,12,95,69,1
1167,Siswa 1167,72,92,0,7,1,92,83,0
1168,Siswa 1168,73,83,2,6,9,77,69,0
1169,Siswa 1169,55,79,5,8,8,86,94,1
1170,Siswa 1170,52,80,4,4,12,49,80,1
1171,Siswa 1171,56,89,5,4,2,44,98,1
1172,Siswa 1172,57,91,4,4,1,79,63,1
1173,Siswa 1173,64,86,7,6,1,43,51,1
1174,Siswa 1174,50,84,2,8,6,53,88,1
1175,Siswa 1175,52,78,0,7,15,79,42,1
1176,Siswa 1176,89,92,7,0,1,43,92,0
1177,Siswa 1177,66,89,0,5,6,95,95,1
1178,Siswa 1178,82,91,2,6,1,43,75,0
1179,Siswa 1179,65,85,7,7,1,40,84,1
1180,Siswa 1180,79,77,7,6,10,75,70,0
1181,Siswa 1181,78,93,3,1,3,76,61,0
1182,Siswa 1182,77,88,1,8,3,46,47,1
1183,Siswa 1183,81,77,1,8,14,73,52,1
1184,Siswa 1184,42,86,0,5,9,46,76,1
1185,Siswa 1185,75,94,0,5,1,74,51,0
1186,Siswa 1186,60,79,5,8,8,65,100,1
1187,Siswa 1187,95,88,4,6,2,54,93,0
1188,Siswa 1188,51,82,1,8,9,57,66,1
1189,Siswa 1189,47,90,3,6,1,87,90,1
1190,Siswa 1190,60,71,6,8,15,70,59,1
1191,Siswa 1191,45,89,0,4,7,46,60,1
1192,Siswa 1192,68,76,6,7,11,95,92,1
1193,Siswa 1193,42,83,1,5,11,77,62,1
1194,Siswa 1194,73,86,3,5,6,54,71,1
1195,Siswa 1195,76,92,1,4,3,73,47,0
1196,Siswa 1196,42,82,3,5,10,45,86,1
1197,Siswa 1197,47,85,0,1,14,54,44,1
1198,Siswa 1198,41,80,4,1,15,48,56,1
1199,Siswa 1199,72,81,3,2,14,87,46,1
1200,Siswa 1200,61,85,3,8,4,64,70,0
1201,Siswa 1201,87,95,2,2,1,50,95,0
1202,Siswa 1202,66,81,8,8,3,60,77,0
1203,Siswa 1203,42,92,3,0,5,57,70,1
1204,Siswa 1204,96,86,2,8,4,78,71,0
1205,Siswa 1205,76,92,0,1,7,100,67,0
1206,Siswa 1206,99,90,3,3,4,79,89,0
1207,Siswa 1207,73,84,3,1,12,60,69,1
1208,Siswa 1208,66,70,7,8,15,95,78,1
1209,Siswa 1209,95,90,3,4,3,95,84,0
1210,Siswa 1210,60,89,3,5,3,92,76,0
1211,Siswa 1211,83,87,7,1,5,56,56,1
1212,Siswa 1212,61,79,8,0,13,42,91,0
1213,Siswa 1213,43,88,1,7,4,67,95,1
1214,Siswa 1214,54,74,4,8,14,43,71,1
1215,Siswa 1215,71,88,3,0,9,86,58,1
1216,Siswa 1216,47,77,6,3,14,73,53,1
1217,Siswa 1217,61,79,6,3,12,76,99,1
1218,Siswa 1218,61,83,8,6,3,73,42,1
1219,Siswa 1219,40,81,4,6,9,70,65,1
1220,Siswa 1220,56,93,0,4,3,56,79,1
1221,Siswa 1221,100,77,6,7,10,58,69,1
1222,Siswa 1222,73,94,3,2,1,91,55,0
1223,Siswa 1223,71,90,0,0,10,67,55,1
1224,Siswa 1224,68,84,7,7,2,100,82,0
1225,Siswa 1225,78,81,0,4,15,55,44,1
1226,Siswa 1226,46,80,8,8,4,97,74,1
1227,Siswa 1227,89,89,0,0,11,77,85,1
1228,Siswa 1228,52,95,3,1,1,86,61,1
1229,Siswa 1229,41,83,4,8,5,71,49,1
1230,Siswa 1230,55,79,8,3,10,63,51,1
1231,Siswa 1231,97,87,1,5,7,40,72,1
1232,Siswa 1232,83,91,2,0,7,92,95,0
1233,Siswa 1233,71,90,4,2,4,78,89,0
1234,Siswa 1234,75,92,5,0,3,59,76,0
1235,Siswa 1235,92,89,2,1,8,61,64,1
1236,Siswa 1236,47,78,7,6,9,85,79,1
1237,Siswa 1237,88,86,6,7,1,72,73,0
1238,Siswa 1238,47,71,8,6,15,96,51,1
1239,Siswa 1239,76,86,8,0,6,81,47,1
1240,Siswa 1240,61,82,2,3,13,57,61,1
1241,Siswa 1241,62,88,2,7,3,96,66,1
1242,Siswa 1242,81,88,5,5,2,49,64,0
1243,Siswa 1243,69,78,7,6,9,94,45,1
1244,Siswa 1244,77,87,0,7,6,100,44,1
1245,Siswa 1245,90,89,0,8,3,41,44,1
1246,Siswa 1246,50,88,0,1,11,97,43,1
1247,Siswa 1247,93,94,3,3,0,49,53,1
1248,Siswa 1248,96,86,1,1,12,70,88,1
1249,Siswa 1249,94,87,3,3,7,93,57,1
1250,Siswa 1250,44,82,5,4,9,88,70,1
1251,Siswa 1251,88,82,8,8,2,95,43,1
1252,Siswa 1252,97,89,0,4,7,64,49,1
1253,Siswa 1253,72,93,5,1,1,64,67,0
1254,Siswa 1254,57,92,2,0,6,67,96,1
1255,Siswa 1255,99,88,4,2,6,66,65,1
1256,Siswa 1256,51,75,5,6,14,89,56,1
1257,Siswa 1257,79,73,8,8,11,60,79,1
1258,Siswa 1258,57,81,3,4,12,67,50,1
1259,Siswa 1259,56,79,2,4,15,67,67,0
1260,Siswa 1260,60,85,6,3,6,68,51,1
1261,Siswa 1261,43,83,1,3,13,91,57,0
1262,Siswa 1262,61,93,2,1,4,55,54,1
1263,Siswa 1263,74,80,4,1,15,54,100,0
1264,Siswa 1264,61,92,6,1,1,75,80,0
1265,Siswa 1265,79,87,2,0,11,90,96,1
1266,Siswa 1266,88,94,6,0,0,72,44,0
1267,Siswa 1267,76,82,2,3,13,98,98,1
1268,Siswa 1268,68,88,0,3,9,56,86,0
1269,Siswa 1269,56,87,6,1,6,100,69,1
1270,Siswa 1270,66,84,5,0,11,62,72,0
1271,Siswa 1271,96,94,2,0,4,81,58,0
1272,Siswa 1272,67,75,6,6,13,75,40,1
1273,Siswa 1273,46,84,4,8,4,77,60,1
1274,Siswa 1274,66,91,8,1,0,82,48,1
1275,Siswa 1275,61,85,8,1,6,77,54,1
1276,Siswa 1276,52,97,0,2,1,57,66,1
1277,Siswa 1277,86,86,3,8,3,72,47,0
1278,Siswa 1278,51,80,7,2,11,92,44,1
1279,Siswa 1279,81,82,4,5,9,99,99,0
1280,Siswa 1280,49,80,6,7,7,51,63,1
1281,Siswa 1281,55,86,8,4,2,84,76,1
1282,Siswa 1282,75,85,6,1,8,94,67,0
1283,Siswa 1283,89,82,1,7,10,58,74,1
1284,Siswa 1284,55,83,2,4,11,68,96,1
1285,Siswa 1285,97,77,8,3,12,63,97,1
1286,Siswa 1286,75,76,7,7,10,67,95,1
1287,Siswa 1287,45,81,7,8,4,66,43,1
1288,Siswa 1288,61,92,0,4,4,84,75,0
1289,Siswa 1289,58,96,1,3,0,94,70,1
1290,Siswa 1290,50,88,8,1,3,87,83,1
1291,Siswa 1291,62,81,0,5,14,88,76,1
1292,Siswa 1292,54,76,6,5,13,50,78,1
1293,Siswa 1293,41,81,5,5,9,70,75,1
1294,Siswa 1294,97,97,0,0,3,80,45,0
1295,Siswa 1295,86,81,5,3,11,49,58,1
1296,Siswa 1296,47,91,1,5,3,64,72,1
1297,Siswa 1297,50,86,8,3,3,58,79,1
1298,Siswa 1298,86,90,3,0,7,49,65,1
1299,Siswa 1299,75,82,6,2,10,95,48,1
1300,Siswa 1300,44,92,6,2,0,74,76,0
1301,Siswa 1301,84,74,6,8,12,49,88,1
1302,Siswa 1302,56,93,4,1,2,40,95,1
1303,Siswa 1303,82,82,8,6,4,45,41,1
1304,Siswa 1304,98,84,3,5,8,99,85,0
1305,Siswa 1305,94,86,6,3,5,51,95,0
1306,Siswa 1306,95,85,8,4,3,98,87,0
1307,Siswa 1307,90,85,1,8,6,68,93,0
1308,Siswa 1308,99,80,1,6,13,65,86,1
1309,Siswa 1309,61,85,5,6,4,63,42,1
1310,Siswa 1310,72,91,5,3,1,42,49,1
1311,Siswa 1311,54,86,0,4,10,75,87,1
1312,Siswa 1312,45,91,0,2,7,84,84,1
1313,Siswa 1313,42,81,5,7,7,69,95,1
1314,Siswa 1314,93,80,0,6,14,62,43,1
1315,Siswa 1315,87,97,0,3,0,54,89,0
1316,Siswa 1316,100,77,7,1,15,58,94,1
1317,Siswa 1317,74,85,8,4,3,81,50,1
1318,Siswa 1318,74,95,0,4,1,76,86,0
1319,Siswa 1319,97,82,5,4,9,59,41,1
1320,Siswa 1320,58,87,5,1,7,79,90,1
1321,Siswa 1321,63,85,3,7,5,61,76,0
1322,Siswa 1322,44,92,2,2,4,44,81,1
1323,Siswa 1323,92,77,7,1,15,77,82,1
1324,Siswa 1324,88,96,0,3,1,72,70,0
1325,Siswa 1325,56,89,1,3,7,63,81,1
1326,Siswa 1326,81,85,4,2,9,88,68,0
1327,Siswa 1327,76,84,1,1,14,66,72,1
1328,Siswa 1328,96,89,4,3,4,87,94,0
1329,Siswa 1329,43,93,0,0,7,50,45,1
1330,Siswa 1330,91,86,8,1,5,51,89,0
1331,Siswa 1331,74,81,5,4,10,97,91,0
1332,Siswa 1332,60,88,4,6,2,45,45,1
1333,Siswa 1333,43,93,5,0,2,74,52,1
1334,Siswa 1334,78,88,6,3,3,66,72,0
1335,Siswa 1335,85,80,6,5,9,49,81,1
1336,Siswa 1336,40,89,5,4,2,65,68,1
1337,Siswa 1337,86,71,8,6,15,77,42,1
1338,Siswa 1338,92,88,1,2,9,64,41,1
1339,Siswa 1339,68,74,8,7,11,48,45,0
1340,Siswa 1340,72,82,6,6,6,83,49,1
1341,Siswa 1341,71,90,0,3,7,65,69,1
1342,Siswa 1342,82,78,5,6,11,46,86,1
1343,Siswa 1343,78,86,8,5,1,63,55,0
1344,Siswa 1344,54,81,4,8,7,70,64,1
1345,Siswa 1345,80,76,8,6,10,87,94,0
1346,Siswa 1346,58,82,0,3,15,87,59,1
1347,Siswa 1347,63,83,8,2,7,80,88,1
1348,Siswa 1348,43,84,4,6,6,64,59,1
1349,Siswa 1349,67,83,6,2,9,48,82,1
1350,Siswa 1350,92,88,6,3,3,41,47,1
1351,Siswa 1351,82,87,1,2,10,96,66,0
1352,Siswa 1352,43,74,4,8,14,98,47,1
1353,Siswa 1353,43,98,0,2,0,70,95,1
1354,Siswa 1354,79,84,6,5,5,66,41,1
1355,Siswa 1355,47,71,8,8,13,41,93,1
1356,Siswa 1356,42,92,0,4,4,52,99,1
1357,Siswa 1357,59,91,7,2,0,71,52,1
1358,Siswa 1358,73,84,8,5,3,64,48,0
1359,Siswa 1359,88,75,8,6,11,96,45,1
1360,Siswa 1360,74,86,1,3,10,88,94,1
1361,Siswa 1361,43,83,0,2,15,73,85,1
1362,Siswa 1362,55,74,5,6,15,96,58,1
1363,Siswa 1363,59,89,0,3,8,87,94,1
1364,Siswa 1364,71,86,2,8,4,95,99,0
1365,Siswa 1365,82,81,5,3,11,100,95,1
1366,Siswa 1366,71,91,1,3,5,71,51,0
1367,Siswa 1367,78,79,5,4,12,58,48,1
1368,Siswa 1368,56,88,8,3,1,65,65,1
1369,Siswa 1369,65,91,4,3,2,44,43,1
1370,Siswa 1370,54,80,2,6,12,74,56,1
1371,Siswa 1371,60,91,6,1,2,95,65,0
1372,Siswa 1372,100,83,2,2,13,83,99,1
1373,Siswa 1373,78,83,6,0,11,94,46,1
1374,Siswa 1374,100,87,7,6,0,42,92,0
1375,Siswa 1375,55,83,6,3,8,85,55,1
1376,Siswa 1376,83,72,5,8,15,96,49,1
1377,Siswa 1377,85,79,8,3,10,74,60,1
1378,Siswa 1378,78,72,7,8,13,71,65,1
1379,Siswa 1379,64,83,7,6,4,73,64,0
1380,Siswa 1380,80,80,1,8,11,94,80,1
1381,Siswa 1381,89,88,1,6,5,57,88,0
1382,Siswa 1382,98,88,4,1,7,89,43,1
1383,Siswa 1383,51,76,5,5,14,69,98,1
1384,Siswa 1384,85,78,6,4,12,84,67,1
1385,Siswa 1385,45,79,3,8,10,96,61,1
1386,Siswa 1386,46,83,6,1,10,63,47,1
1387,Siswa 1387,86,77,5,8,10,74,81,0
1388,Siswa 1388,88,77,7,2,14,68,98,1
1389,Siswa 1389,80,76,5,4,15,97,77,1
1390,Siswa 1390,70,90,3,7,0,51,70,0
1391,Siswa 1391,42,89,4,7,0,56,100,1
1392,Siswa 1392,57,87,3,3,7,86,49,1
1393,Siswa 1393,69,88,1,5,6,45,49,1
1394,Siswa 1394,82,84,3,1,12,49,89,1
1395,Siswa 1395,43,81,5,7,7,50,85,1
1396,Siswa 1396,79,94,4,1,1,60,54,0
1397,Siswa 1397,76,87,6,1,6,87,79,1
1398,Siswa 1398,63,79,0,6,15,91,46,1
1399,Siswa 1399,51,89,2,7,2,46,98,1
1400,Siswa 1400,90,94,1,1,4,49,56,1
1401,Siswa 1401,63,80,8,2,10,42,70,1
1402,Siswa 1402,88,89,1,6,4,46,97,0
1403,Siswa 1403,87,84,4,0,12,58,55,1
1404,Siswa 1404,82,79,7,4,10,82,97,0
1405,Siswa 1405,72,81,7,7,5,43,41,1
1406,Siswa 1406,87,76,8,4,12,42,67,1
1407,Siswa 1407,88,94,5,0,1,41,40,1
1408,Siswa 1408,100,87,7,6,0,50,89,0
1409,Siswa 1409,96,83,7,0,10,40,93,1
1410,Siswa 1410,80,81,0,4,15,60,45,1
1411,Siswa 1411,58,90,7,0,3,80,50,1
1412,Siswa 1412,74,83,7,3,7,48,92,1
1413,Siswa 1413,44,80,3,8,9,68,40,1
1414,Siswa 1414,47,91,2,1,6,57,46,1
1415,Siswa 1415,64,72,6,8,14,60,96,1
1416,Siswa 1416,91,90,3,4,3,70,54,0
1417,Siswa 1417,74,88,3,0,9,74,62,0
1418,Siswa 1418,86,79,2,4,15,65,48,1
1419,Siswa 1419,56,78,6,7,9,91,98,1
1420,Siswa 1420,70,91,3,1,5,86,55,0
1421,Siswa 1421,70,78,8,5,9,73,92,0
1422,Siswa 1422,95,86,2,8,4,75,80,0
1423,Siswa 1423,59,87,0,5,8,48,78,1
1424,Siswa 1424,90,86,0,8,6,46,42,1
1425,Siswa 1425,41,92,3,5,0,52,50,1
1426,Siswa 1426,100,91,0,7,2,78,49,0
1427,Siswa 1427,56,86,5,0,9,82,96,1
1428,Siswa 1428,69,88,8,1,3,55,66,1
1429,Siswa 1429,63,84,8,7,1,57,55,1
1430,Siswa 1430,55,78,8,2,12,85,76,0
1431,Siswa 1431,95,75,2,8,15,69,60,1
1432,Siswa 1432,87,83,7,6,4,59,73,0
1433,Siswa 1433,59,91,2,4,3,84,67,1
1434,Siswa 1434,47,84,2,0,14,88,55,1
1435,Siswa 1435,71,87,5,4,4,49,84,0
1436,Siswa 1436,91,86,3,7,4,82,80,0
1437,Siswa 1437,67,84,1,7,8,85,95,1
1438,Siswa 1438,43,99,0,1,0,80,78,1
1439,Siswa 1439,45,86,6,7,1,89,46,1
1440,Siswa 1440,94,84,3,7,6,66,91,0
1441,Siswa 1441,70,86,1,0,13,82,97,1
1442,Siswa 1442,77,86,1,6,7,96,54,1
1443,Siswa 1443,97,86,2,8,4,54,65,0
1444,Siswa 1444,72,92,5,0,3,77,68,0
1445,Siswa 1445,73,82,1,6,11,92,92,1
1446,Siswa 1446,42,76,7,3,14,57,59,1
1447,Siswa 1447,41,84,7,2,7,75,50,1
1448,Siswa 1448,45,84,8,3,5,79,44,1
1449,Siswa 1449,62,85,3,6,6,96,50,1
1450,Siswa 1450,68,84,2,5,9,100,48,1
1451,Siswa 1451,63,85,7,3,5,64,90,0
1452,Siswa 1452,64,84,7,4,5,99,45,1
1453,Siswa 1453,55,78,5,3,14,80,87,1
1454,Siswa 1454,87,74,3,8,15,40,75,1
1455,Siswa 1455,89,86,3,6,5,40,77,0
1456,Siswa 1456,56,82,6,2,10,45,72,1
1457,Siswa 1457,90,93,1,2,4,91,55,0
1458,Siswa 1458,69,92,1,0,7,55,44,1
1459,Siswa 1459,68,95,0,0,5,93,55,1
1460,Siswa 1460,93,88,6,5,1,52,88,0
1461,Siswa 1461,80,79,6,5,10,50,72,1
1462,Siswa 1462,81,82,2,6,10,81,86,0
1463,Siswa 1463,70,93,2,0,5,84,50,0
1464,Siswa 1464,71,77,3,8,12,76,99,1
1465,Siswa 1465,65,88,4,8,0,45,55,1
1466,Siswa 1466,95,89,1,3,7,41,83,0
1467,Siswa 1467,71,74,8,5,13,41,84,1
1468,Siswa 1468,93,79,8,1,12,99,86,1
1469,Siswa 1469,86,86,0,5,9,81,71,0
1470,Siswa 1470,98,86,0,4,10,88,66,0
1471,Siswa 1471,85,87,2,3,8,91,56,1
1472,Siswa 1472,51,75,6,6,13,57,96,1
1473,Siswa 1473,58,76,7,8,9,80,99,1
1474,Siswa 1474,46,90,7,2,1,68,85,1
1475,Siswa 1475,84,86,6,1,7,71,47,1
1476,Siswa 1476,64,94,1,4,1,81,69,0
1477,Siswa 1477,41,97,0,3,0,58,61,1
1478,Siswa 1478,49,91,3,1,5,64,86,1
1479,Siswa 1479,98,78,2,5,15,90,46,1
1480,Siswa 1480,83,87,3,7,3,92,70,0
1481,Siswa 1481,99,84,5,8,3,47,60,0
1482,Siswa 1482,49,78,8,0,14,57,40,1
1483,Siswa 1483,47,86,4,5,5,85,65,1
1484,Siswa 1484,55,76,7,5,12,80,64,1
1485,Siswa 1485,52,93,1,3,3,74,86,1
1486,Siswa 1486,50,88,4,1,7,73,76,1
1487,Siswa 1487,96,83,0,6,11,44,71,1
1488,Siswa 1488,93,90,0,7,3,43,66,0
1489,Siswa 1489,86,80,4,3,13,88,62,1
1490,Siswa 1490,75,87,5,2,6,55,58,1
1491,Siswa 1491,70,86,6,2,6,42,42,1
1492,Siswa 1492,45,82,1,2,15,44,100,1
1493,Siswa 1493,65,76,8,5,11,71,78,1
1494,Siswa 1494,70,93,1,6,0,53,89,0
1495,Siswa 1495,93,82,8,7,3,46,86,0
1496,Siswa 1496,47,75,8,3,14,42,86,1
1497,Siswa 1497,63,75,7,5,13,48,62,1
1498,Siswa 1498,78,78,8,4,10,61,73,1
1499,Siswa 1499,99,95,2,3,0,89,92,0
1500,Siswa 1500,50,80,4,7,9,98,57,1
1501,Siswa 1501,46,74,8,8,10,78,87,1
1502,Siswa 1502,60,83,7,6,4,63,100,0
1503,Siswa 1503,97,76,7,5,12,41,51,1
1504,Siswa 1504,82,76,5,6,13,41,52,1
1505,Siswa 1505,45,95,0,4,1,73,54,1
1506,Siswa 1506,95,80,6,6,8,52,43,0
1507,Siswa 1507,62,86,5,3,6,63,54,1
1508,Siswa 1508,71,98,1,1,0,97,80,0
1509,Siswa 1509,61,82,8,7,3,42,72,1
1510,Siswa 1510,51,88,7,1,4,78,52,1
1511,Siswa 1511,50,80,5,3,12,54,66,1
1512,Siswa 1512,91,80,6,3,11,66,67,1
1513,Siswa 1513,53,92,1,6,1,68,80,1
1514,Siswa 1514,56,81,3,1,15,46,45,1
1515,Siswa 1515,53,83,0,2,15,50,95,1
1516,Siswa 1516,76,72,7,7,14,82,63,1
1517,Siswa 1517,52,88,2,7,3,46,96,1
1518,Siswa 1518,78,85,0,1,14,89,98,1
1519,Siswa 1519,62,94,3,2,1,40,61,1
1520,Siswa 1520,66,80,4,3,13,71,78,1
1521,Siswa 1521,40,85,5,4,6,52,64,1
1522,Siswa 1522,67,90,0,8,2,60,52,1
1523,Siswa 1523,45,85,2,0,13,77,51,1
1524,Siswa 1524,60,75,5,8,12,56,62,1
1525,Siswa 1525,78,89,0,1,10,40,90,0
1526,Siswa 1526,53,72,5,8,15,65,60,1
1527,Siswa 1527,65,88,3,4,5,68,70,0
1528,Siswa 1528,44,89,0,3,8,82,99,1
1529,Siswa 1529,60,84,5,1,10,62,68,1
1530,Siswa 1530,71,75,8,8,9,53,67,1
1531,Siswa 1531,86,95,1,0,4,55,81,0
1532,Siswa 1532,59,82,1,3,14,81,100,1
1533,Siswa 1533,89,83,5,5,7,44,51,1
1534,Siswa 1534,53,87,4,8,1,97,78,1
1535,Siswa 1535,63,93,4,0,3,86,78,0
1536,Siswa 1536,70,90,1,8,1,91,55,0
1537,Siswa 1537,46,89,1,0,10,72,68,1
1538,Siswa 1538,52,91,3,6,0,99,52,1
1539,Siswa 1539,90,82,0,7,11,69,59,1
1540,Siswa 1540,56,89,4,2,5,74,56,1
1541,Siswa 1541,98,96,0,2,2,57,97,0
1542,Siswa 1542,98,90,0,8,2,97,66,0
1543,Siswa 1543,66,87,2,2,9,76,77,1
1544,Siswa 1544,51,78,6,2,14,77,56,1
1545,Siswa 1545,70,92,4,3,1,86,93,0
1546,Siswa 1546,65,93,1,3,3,72,75,0
1547,Siswa 1547,70,82,0,8,10,74,71,0
1548,Siswa 1548,50,91,2,5,2,54,41,0
1549,Siswa 1549,90,73,7,7,13,54,75,1
1550,Siswa 1550,61,77,7,2,14,41,68,1
1551,Siswa 1551,94,77,8,5,10,51,72,1
1552,Siswa 1552,76,82,3,5,10,57,93,1
1553,Siswa 1553,62,84,5,2,9,81,66,1
1554,Siswa 1554,49,79,6,7,8,40,91,1
1555,Siswa 1555,49,86,4,7,3,99,46,1
1556,Siswa 1556,64,83,4,2,11,46,44,1
1557,Siswa 1557,66,78,6,3,13,47,72,1
1558,Siswa 1558,48,79,7,5,9,56,98,1
1559,Siswa 1559,97,81,6,1,12,82,100,1
1560,Siswa 1560,47,89,1,5,5,51,63,1
1561,Siswa 1561,69,86,3,7,4,84,57,1
1562,Siswa 1562,67,80,8,1,11,53,81,1
1563,Siswa 1563,60,84,7,6,3,69,54,1
1564,Siswa 1564,58,87,4,1,8,76,95,1
1565,Siswa 1565,47,90,0,0,10,75,76,1
1566,Siswa 1566,96,84,5,2,9,67,56,1
1567,Siswa 1567,63,90,0,3,7,42,87,0
1568,Siswa 1568,64,78,5,5,12,94,45,1
1569,Siswa 1569,52,98,1,0,1,55,56,1
1570,Siswa 1570,77,91,2,0,7,98,83,0
1571,Siswa 1571,90,86,3,8,3,61,69,0
1572,Siswa 1572,80,84,6,8,2,53,43,1
1573,Siswa 1573,91,81,0,7,12,99,44,1
1574,Siswa 1574,69,79,4,3,14,83,68,1
1575,Siswa 1575,98,72,7,6,15,84,48,1
1576,Siswa 1576,47,81,7,1,11,70,44,1
1577,Siswa 1577,80,85,1,0,14,80,60,1
1578,Siswa 1578,58,77,4,7,12,98,95,1
1579,Siswa 1579,99,88,5,6,1,80,47,0
1580,Siswa 1580,70,95,1,0,4,74,43,0
1581,Siswa 1581,70,89,2,4,5,53,93,0
1582,Siswa 1582,78,81,5,0,14,52,74,1
1583,Siswa 1583,41,92,1,7,0,100,75,1
1584,Siswa 1584,62,87,6,1,6,82,94,1
1585,Siswa 1585,42,93,4,2,1,100,40,0
1586,Siswa 1586,97,90,5,4,1,85,87,0
1587,Siswa 1587,41,82,5,7,6,96,54,1
1588,Siswa 1588,61,86,1,7,6,48,72,1
1589,Siswa 1589,40,85,7,5,3,54,67,1
1590,Siswa 1590,99,89,0,1,10,78,72,0
1591,Siswa 1591,97,85,8,7,0,78,40,0
1592,Siswa 1592,80,83,5,7,5,43,69,0
1593,Siswa 1593,85,88,7,0,5,54,74,0
1594,Siswa 1594,90,81,8,6,5,64,42,0
1595,Siswa 1595,92,90,4,3,3,70,79,0
1596,Siswa 1596,76,75,6,4,15,66,95,1
1597,Siswa 1597,61,85,5,7,3,43,100,1
1598,Siswa 1598,82,96,3,1,0,65,86,0
1599,Siswa 1599,100,86,8,5,1,83,96,0
1600,Siswa 1600,94,89,1,7,3,100,66,0
1601,Siswa 1601,91,88,3,1,8,46,98,1
1602,Siswa 1602,46,89,8,2,1,57,47,1
1603,Siswa 1603,80,86,4,0,10,75,70,0
1604,Siswa 1604,73,87,2,4,7,95,71,0
1605,Siswa 1605,87,85,1,5,9,58,76,1
1606,Siswa 1606,77,80,4,6,10,91,72,0
1607,Siswa 1607,62,80,4,7,9,68,52,1
1608,Siswa 1608,74,89,3,6,2,43,83,0
1609,Siswa 1609,72,76,7,8,9,45,69,1
1610,Siswa 1610,81,77,3,6,14,76,96,1
1611,Siswa 1611,45,91,4,2,3,56,56,1
1612,Siswa 1612,73,80,3,3,14,49,99,1
1613,Siswa 1613,85,84,1,3,12,62,76,1
1614,Siswa 1614,57,91,3,6,0,74,45,1
1615,Siswa 1615,40,86,3,4,7,91,69,1
1616,Siswa 1616,68,81,5,6,8,82,86,1
1617,Siswa 1617,95,84,0,7,9,75,64,0
1618,Siswa 1618,91,97,1,0,2,87,49,0
1619,Siswa 1619,100,93,5,1,1,79,45,0
1620,Siswa 1620,85,86,4,3,7,81,57,1
1621,Siswa 1621,70,81,4,1,14,71,88,1
1622,Siswa 1622,52,84,7,5,4,50,81,1
1623,Siswa 1623,91,89,4,2,5,72,60,0
1624,Siswa 1624,93,87,8,2,3,48,45,1
1625,Siswa 1625,71,77,4,8,11,65,97,1
1626,Siswa 1626,98,83,4,3,10,56,53,1
1627,Siswa 1627,97,83,3,2,12,59,92,1
1628,Siswa 1628,73,80,7,5,8,43,49,1
1629,Siswa 1629,90,81,2,3,14,89,95,1
1630,Siswa 1630,99,90,2,6,2,49,68,0
1631,Siswa 1631,52,88,0,7,5,87,85,1
1632,Siswa 1632,96,87,2,0,11,91,63,1
1633,Siswa 1633,40,92,7,0,1,46,47,1
1634,Siswa 1634,56,87,5,8,0,67,54,1
1635,Siswa 1635,44,77,6,3,14,59,84,1
1636,Siswa 1636,44,84,4,7,5,74,43,1
1637,Siswa 1637,97,88,2,1,9,71,69,0
1638,Siswa 1638,84,88,5,6,1,74,88,0
1639,Siswa 1639,70,82,2,1,15,62,76,1
1640,Siswa 1640,65,93,3,3,1,42,84,1
1641,Siswa 1641,70,72,7,6,15,67,81,0
1642,Siswa 1642,71,84,0,1,15,88,79,1
1643,Siswa 1643,94,81,8,6,5,90,62,0
1644,Siswa 1644,97,82,4,1,13,73,50,0
1645,Siswa 1645,60,72,7,6,15,69,50,1
1646,Siswa 1646,97,98,0,2,0,62,77,0
1647,Siswa 1647,89,84,0,7,9,40,43,0
1648,Siswa 1648,45,82,7,7,4,45,75,1
1649,Siswa 1649,40,89,6,5,0,95,41,1
1650,Siswa 1650,89,93,0,4,3,65,58,0
1651,Siswa 1651,72,76,7,8,9,59,94,1
1652,Siswa 1652,40,82,4,5,9,67,55,1
1653,Siswa 1653,45,80,1,6,13,61,77,1
1654,Siswa 1654,92,82,5,8,5,56,41,1
1655,Siswa 1655,100,84,8,2,6,51,98,1
1656,Siswa 1656,47,88,2,0,10,82,40,1
1657,Siswa 1657,58,85,7,8,0,65,69,1
1658,Siswa 1658,42,89,3,3,5,56,52,1
1659,Siswa 1659,97,73,8,8,11,82,100,1
1660,Siswa 1660,47,75,8,8,9,40,66,1
1661,Siswa 1661,45,89,7,1,3,44,66,1
1662,Siswa 1662,48,88,0,5,7,55,50,1
1663,Siswa 1663,77,78,4,3,15,46,60,0
1664,Siswa 1664,83,78,6,2,14,72,80,1
1665,Siswa 1665,65,85,8,2,5,99,68,0
1666,Siswa 1666,94,80,6,4,10,44,89,1
1667,Siswa 1667,90,90,7,3,0,48,62,0
1668,Siswa 1668,72,76,6,5,13,43,47,0
1669,Siswa 1669,42,95,2,2,1,63,78,1
1670,Siswa 1670,80,91,2,2,5,50,45,0
1671,Siswa 1671,41,79,2,4,15,46,46,1
1672,Siswa 1672,43,83,0,3,14,84,72,1
1673,Siswa 1673,94,73,4,8,15,41,40,1
1674,Siswa 1674,69,92,0,4,4,77,50,1
1675,Siswa 1675,56,86,3,7,4,69,58,1
1676,Siswa 1676,60,89,0,1,10,54,77,1
1677,Siswa 1677,76,78,8,7,7,57,44,1
1678,Siswa 1678,73,80,4,7,9,99,99,0
1679,Siswa 1679,47,83,1,2,14,42,75,1
1680,Siswa 1680,83,79,5,6,10,65,94,1
1681,Siswa 1681,49,88,2,2,8,42,85,1
1682,Siswa 1682,99,82,4,5,9,41,73,1
1683,Siswa 1683,60,90,6,4,0,85,80,0
1684,Siswa 1684,60,89,0,8,3,46,82,1
1685,Siswa 1685,74,80,4,3,13,66,41,1
1686,Siswa 1686,56,79,3,5,13,47,75,1
1687,Siswa 1687,54,80,5,0,15,82,97,1
1688,Siswa 1688,62,80,7,2,11,85,49,1
1689,Siswa 1689,94,79,7,4,10,63,75,1
1690,Siswa 1690,42,87,2,4,7,99,100,1
1691,Siswa 1691,52,74,6,7,13,68,81,1
1692,Siswa 1692,56,88,6,4,2,51,43,1
1693,Siswa 1693,91,92,1,5,2,62,95,0
1694,Siswa 1694,70,77,8,8,7,48,41,1
1695,Siswa 1695,73,89,2,5,4,61,53,0
1696,Siswa 1696,88,80,7,5,8,78,78,0
1697,Siswa 1697,68,87,7,2,4,80,100,0
1698,Siswa 1698,92,94,4,1,1,55,61,0
1699,Siswa 1699,51,79,5,2,14,91,100,1
1700,Siswa 1700,66,75,6,8,11,64,85,1
1701,Siswa 1701,44,81,5,7,7,46,61,1
1702,Siswa 1702,46,87,1,2,10,62,54,1
1703,Siswa 1703,44,78,2,8,12,87,85,1
1704,Siswa 1704,48,85,8,5,2,44,96,1
1705,Siswa 1705,47,87,8,3,2,86,60,1
1706,Siswa 1706,81,77,4,6,13,41,68,1
1707,Siswa 1707,47,82,7,0,11,61,67,1
1708,Siswa 1708,64,88,1,1,10,95,78,0
1709,Siswa 1709,95,76,7,7,10,40,77,1
1710,Siswa 1710,82,88,1,5,6,84,54,1
1711,Siswa 1711,59,84,5,7,4,76,74,1
1712,Siswa 1712,57,78,4,4,14,94,59,1
1713,Siswa 1713,57,88,5,6,1,77,47,1
1714,Siswa 1714,48,75,7,7,11,58,83,1
1715,Siswa 1715,81,87,3,8,2,64,92,0
1716,Siswa 1716,40,85,8,0,7,44,48,1
1717,Siswa 1717,100,88,7,0,5,49,92,0
1718,Siswa 1718,87,93,1,4,2,70,44,0
1719,Siswa 1719,47,92,6,1,1,64,44,1
1720,Siswa 1720,45,87,6,4,3,94,56,1
1721,Siswa 1721,98,86,4,2,8,91,94,1
1722,Siswa 1722,77,92,0,4,4,97,70,0
1723,Siswa 1723,75,83,2,0,15,54,51,1
1724,Siswa 1724,80,83,6,4,7,44,74,1
1725,Siswa 1725,48,86,4,1,9,56,41,1
1726,Siswa 1726,86,81,8,8,3,93,52,0
1727,Siswa 1727,89,81,7,8,4,61,90,0
1728,Siswa 1728,55,87,2,2,9,96,58,1
1729,Siswa 1729,41,75,6,4,15,57,83,1
1730,Siswa 1730,70,83,3,6,8,74,65,0
1731,Siswa 1731,83,72,5,8,15,66,50,1
1732,Siswa 1732,80,92,0,1,7,61,51,1
1733,Siswa 1733,80,77,8,7,8,73,65,1
1734,Siswa 1734,40,80,2,8,10,60,97,1
1735,Siswa 1735,86,84,6,6,4,51,83,0
1736,Siswa 1736,40,89,7,4,0,77,92,1
1737,Siswa 1737,82,84,1,1,14,59,44,1
1738,Siswa 1738,47,94,1,3,2,53,91,1
1739,Siswa 1739,77,84,4,0,12,63,64,1
1740,Siswa 1740,61,78,7,0,15,58,43,1
1741,Siswa 1741,45,86,8,4,2,80,46,1
1742,Siswa 1742,64,87,3,1,9,54,91,1
1743,Siswa 1743,43,85,2,6,7,59,95,1
1744,Siswa 1744,67,76,6,8,10,90,73,1
1745,Siswa 1745,67,89,0,8,3,45,70,1
1746,Siswa 1746,91,96,1,0,3,94,53,0
1747,Siswa 1747,50,84,4,8,4,40,88,1
1748,Siswa 1748,92,86,1,6,7,73,43,1
1749,Siswa 1749,46,87,3,8,2,80,69,1
1750,Siswa 1750,65,84,0,8,8,75,69,1
1751,Siswa 1751,100,92,3,3,2,64,53,0
1752,Siswa 1752,58,88,1,8,3,59,82,1
1753,Siswa 1753,49,92,0,3,5,92,95,1
1754,Siswa 1754,72,89,3,7,1,67,85,1
1755,Siswa 1755,76,94,5,1,0,99,75,0
1756,Siswa 1756,82,90,6,1,3,52,76,0
1757,Siswa 1757,54,96,2,0,2,49,96,1
1758,Siswa 1758,83,78,7,1,14,88,73,1
1759,Siswa 1759,72,87,3,2,8,75,87,0
1760,Siswa 1760,74,85,0,4,11,64,99,1
1761,Siswa 1761,90,86,2,3,9,77,99,0
1762,Siswa 1762,57,77,3,5,15,98,66,1
1763,Siswa 1763,57,76,8,4,12,56,86,1
1764,Siswa 1764,59,89,2,4,5,100,44,0
1765,Siswa 1765,76,93,3,3,1,56,40,1
1766,Siswa 1766,69,78,6,3,13,41,100,1
1767,Siswa 1767,100,94,0,5,1,66,86,0
1768,Siswa 1768,87,81,1,6,12,93,41,1
1769,Siswa 1769,57,77,6,5,12,76,86,1
1770,Siswa 1770,71,94,2,2,2,45,53,1
1771,Siswa 1771,42,89,7,3,1,54,94,1
1772,Siswa 1772,60,90,2,0,8,62,72,1
1773,Siswa 1773,63,79,2,5,14,88,99,1
1774,Siswa 1774,51,79,5,7,9,97,77,1
1775,Siswa 1775,86,94,5,0,1,86,79,0
1776,Siswa 1776,95,87,6,1,6,74,56,1
1777,Siswa 1777,93,81,2,2,15,87,68,1
1778,Siswa 1778,99,88,6,5,1,63,81,0
1779,Siswa 1779,58,77,6,4,13,82,49,0
1780,Siswa 1780,82,86,4,3,7,79,45,1
1781,Siswa 1781,55,81,3,2,14,80,64,1
1782,Siswa 1782,93,92,2,0,6,72,50,1
1783,Siswa 1783,49,84,0,7,9,48,82,1
1784,Siswa 1784,45,81,7,6,6,92,78,1
1785,Siswa 1785,62,84,5,4,7,85,61,1
1786,Siswa 1786,89,90,5,4,1,75,71,0
1787,Siswa 1787,43,86,7,4,3,58,84,1
1788,Siswa 1788,71,83,6,6,5,89,74,0
1789,Siswa 1789,53,91,2,4,3,62,85,1
1790,Siswa 1790,59,88,2,1,9,57,47,1
1791,Siswa 1791,67,87,6,0,7,78,80,1
1792,Siswa 1792,68,76,4,7,13,52,99,1
1793,Siswa 1793,50,87,3,4,6,67,69,1
1794,Siswa 1794,71,92,8,0,0,70,44,0
1795,Siswa 1795,85,83,5,0,12,63,87,1
1796,Siswa 1796,80,81,3,7,9,96,77,0
1797,Siswa 1797,52,83,0,2,15,94,78,0
1798,Siswa 1798,44,76,2,7,15,45,83,1
1799,Siswa 1799,60,84,8,2,6,100,90,1
1800,Siswa 1800,90,85,8,0,7,52,40,1
1801,Siswa 1801,99,71,6,8,15,45,55,1
1802,Siswa 1802,59,83,7,4,6,50,55,1
1803,Siswa 1803,97,85,5,2,8,84,73,0
1804,Siswa 1804,72,80,8,8,4,73,96,0
1805,Siswa 1805,80,83,6,8,3,47,43,1
1806,Siswa 1806,58,84,6,0,10,45,89,1
1807,Siswa 1807,71,90,7,2,1,73,69,0
1808,Siswa 1808,98,87,3,7,3,75,64,0
1809,Siswa 1809,70,84,8,6,2,64,77,0
1810,Siswa 1810,79,87,2,5,6,44,46,1
1811,Siswa 1811,48,92,0,1,7,79,70,1
1812,Siswa 1812,50,81,1,4,14,81,53,1
1813,Siswa 1813,97,80,4,3,13,96,85,1
1814,Siswa 1814,85,77,8,4,11,94,67,1
1815,Siswa 1815,41,81,5,7,7,51,100,1
1816,Siswa 1816,53,77,5,4,14,97,62,1
1817,Siswa 1817,98,89,2,0,9,71,46,1
1818,Siswa 1818,54,71,8,8,13,75,64,1
1819,Siswa 1819,66,96,0,0,4,52,98,1
1820,Siswa 1820,91,80,4,7,9,66,99,0
1821,Siswa 1821,54,84,1,6,9,63,69,1
1822,Siswa 1822,48,78,6,5,11,70,65,1
1823,Siswa 1823,48,87,1,7,5,67,79,1
1824,Siswa 1824,75,91,2,3,4,89,62,1
1825,Siswa 1825,82,78,8,4,10,92,48,1
1826,Siswa 1826,60,88,1,8,3,77,72,0
1827,Siswa 1827,86,81,6,0,13,91,79,1
1828,Siswa 1828,67,74,5,8,13,44,74,1
1829,Siswa 1829,59,94,0,5,1,61,89,1
1830,Siswa 1830,78,91,8,0,1,56,68,0
1831,Siswa 1831,74,89,3,1,7,93,82,0
1832,Siswa 1832,84,78,7,4,11,58,94,1
1833,Siswa 1833,43,89,5,4,2,80,41,1
1834,Siswa 1834,75,88,5,5,2,50,93,0
1835,Siswa 1835,41,90,5,4,1,65,77,1
1836,Siswa 1836,41,92,3,3,2,45,97,1
1837,Siswa 1837,48,84,4,2,10,47,58,0
1838,Siswa 1838,63,84,2,3,11,68,84,1
1839,Siswa 1839,65,79,4,4,13,42,65,1
1840,Siswa 1840,54,84,0,5,11,52,71,1
1841,Siswa 1841,44,74,6,5,15,51,81,1
1842,Siswa 1842,84,89,8,0,3,50,41,0
1843,Siswa 1843,44,91,0,7,2,81,46,1
1844,Siswa 1844,93,73,8,5,14,55,88,1
1845,Siswa 1845,81,91,0,8,1,93,100,0
1846,Siswa 1846,63,76,6,5,13,78,66,1
1847,Siswa 1847,73,81,1,3,15,85,78,1
1848,Siswa 1848,53,73,7,7,13,52,50,1
1849,Siswa 1849,46,92,4,3,1,89,58,1
1850,Siswa 1850,56,87,2,7,4,94,89,1
1851,Siswa 1851,53,78,5,7,10,98,64,1
1852,Siswa 1852,41,77,5,3,15,81,57,1
1853,Siswa 1853,54,76,8,7,9,66,69,1
1854,Siswa 1854,41,85,0,6,9,61,43,1
1855,Siswa 1855,54,84,6,8,2,93,46,1
1856,Siswa 1856,60,84,1,5,10,59,93,1
1857,Siswa 1857,86,86,0,1,13,84,82,1
1858,Siswa 1858,69,89,3,4,4,94,93,1
1859,Siswa 1859,69,84,4,4,8,91,96,1
1860,Siswa 1860,95,89,5,5,1,69,78,0
1861,Siswa 1861,74,87,1,5,7,62,65,1
1862,Siswa 1862,90,86,7,3,4,92,49,0
1863,Siswa 1863,53,78,7,6,9,79,58,1
1864,Siswa 1864,42,90,0,7,3,79,85,1
1865,Siswa 1865,83,84,6,3,7,78,94,0
1866,Siswa 1866,87,86,5,2,7,100,90,0
1867,Siswa 1867,45,83,6,8,3,79,54,1
1868,Siswa 1868,92,98,2,0,0,98,64,0
1869,Siswa 1869,40,89,0,1,10,85,66,1
1870,Siswa 1870,74,79,7,1,13,48,98,1
1871,Siswa 1871,69,84,7,0,9,81,98,1
1872,Siswa 1872,80,94,1,1,4,90,61,0
1873,Siswa 1873,67,89,5,2,4,87,42,1
1874,Siswa 1874,93,89,0,3,8,64,45,1
1875,Siswa 1875,71,88,3,7,2,92,44,0
1876,Siswa 1876,91,78,2,7,13,99,73,1
1877,Siswa 1877,88,82,4,0,14,86,95,1
1878,Siswa 1878,69,86,0,2,12,68,96,1
1879,Siswa 1879,46,77,6,7,10,98,50,1
1880,Siswa 1880,83,92,7,0,1,93,94,0
1881,Siswa 1881,60,85,6,7,2,46,86,1
1882,Siswa 1882,73,85,6,5,4,69,95,0
1883,Siswa 1883,94,83,4,6,7,94,61,0
1884,Siswa 1884,84,85,2,2,11,53,46,1
1885,Siswa 1885,94,86,2,1,11,55,75,1
1886,Siswa 1886,47,74,7,4,15,96,66,1
1887,Siswa 1887,54,85,6,8,1,90,61,1
1888,Siswa 1888,91,88,3,1,8,72,88,0
1889,Siswa 1889,69,80,3,2,15,75,67,0
1890,Siswa 1890,98,73,4,8,15,87,88,1
1891,Siswa 1891,54,75,5,8,12,86,84,1
1892,Siswa 1892,83,73,8,5,14,42,93,1
1893,Siswa 1893,79,78,8,1,13,93,82,0
1894,Siswa 1894,59,78,7,8,7,82,66,1
1895,Siswa 1895,84,81,5,4,10,53,53,1
1896,Siswa 1896,98,92,4,4,0,69,81,0
1897,Siswa 1897,94,76,8,7,9,79,74,0
1898,Siswa 1898,64,87,4,7,2,41,46,1
1899,Siswa 1899,63,88,2,3,7,69,74,1
1900,Siswa 1900,66,87,1,1,11,64,64,1
1901,Siswa 1901,98,80,2,4,14,71,45,1
1902,Siswa 1902,81,93,0,5,2,73,81,0
1903,Siswa 1903,93,90,8,1,1,71,76,0
1904,Siswa 1904,76,84,5,0,11,75,57,1
1905,Siswa 1905,42,86,5,7,2,42,53,1
1906,Siswa 1906,44,89,0,2,9,40,82,1
1907,Siswa 1907,96,92,3,3,2,85,87,1
1908,Siswa 1908,55,80,7,5,8,46,55,1
1909,Siswa 1909,78,80,1,4,15,54,91,1
1910,Siswa 1910,72,87,4,1,8,44,68,1
1911,Siswa 1911,52,88,1,2,9,43,65,1
1912,Siswa 1912,87,80,0,6,14,94,58,1
1913,Siswa 1913,98,85,3,5,7,43,46,1
1914,Siswa 1914,81,84,7,3,6,53,51,1
1915,Siswa 1915,93,79,4,8,9,61,40,1
1916,Siswa 1916,91,79,7,6,8,46,53,1
1917,Siswa 1917,43,82,3,8,7,41,40,1
1918,Siswa 1918,55,79,2,8,11,81,43,1
1919,Siswa 1919,56,85,3,1,11,79,50,1
1920,Siswa 1920,45,76,4,6,14,86,96,1
1921,Siswa 1921,87,77,8,1,14,76,58,1
1922,Siswa 1922,59,84,4,6,6,59,60,1
1923,Siswa 1923,57,77,7,1,15,77,92,1
1924,Siswa 1924,75,89,2,0,9,100,77,0
1925,Siswa 1925,71,84,0,2,14,55,73,1
1926,Siswa 1926,74,86,7,5,2,71,70,0
1927,Siswa 1927,62,82,0,3,15,85,64,1
1928,Siswa 1928,96,91,3,0,6,89,89,0
1929,Siswa 1929,57,77,2,8,13,70,79,1
1930,Siswa 1930,59,75,6,5,14,66,71,1
1931,Siswa 1931,59,78,2,5,15,96,42,1
1932,Siswa 1932,97,91,2,4,3,45,42,1
1933,Siswa 1933,98,82,4,8,6,91,49,1
1934,Siswa 1934,44,82,7,4,7,49,82,1
1935,Siswa 1935,66,72,5,8,15,79,67,1
1936,Siswa 1936,79,81,4,2,13,40,93,1
1937,Siswa 1937,98,81,6,0,13,42,70,1
1938,Siswa 1938,89,86,5,6,3,66,51,0
1939,Siswa 1939,73,97,3,0,0,68,59,0
1940,Siswa 1940,79,86,6,1,7,63,61,1
1941,Siswa 1941,70,82,3,6,9,51,91,1
1942,Siswa 1942,46,87,2,5,6,53,72,1
1943,Siswa 1943,48,78,2,5,15,85,74,1
1944,Siswa 1944,81,76,7,2,15,82,87,1
1945,Siswa 1945,65,90,3,0,7,66,83,1
1946,Siswa 1946,74,80,8,2,10,89,82,1
1947,Siswa 1947,49,84,8,6,2,76,52,1
1948,Siswa 1948,54,79,4,3,14,93,85,1
1949,Siswa 1949,57,93,7,0,0,73,95,1
1950,Siswa 1950,92,86,5,2,7,98,64,0
1951,Siswa 1951,59,87,3,5,5,62,100,1
1952,Siswa 1952,68,84,3,1,12,64,71,1
1953,Siswa 1953,45,92,4,4,0,100,100,1
1954,Siswa 1954,81,98,1,1,0,98,60,0
1955,Siswa 1955,52,85,2,6,7,61,81,1
1956,Siswa 1956,47,95,1,4,0,86,52,1
1957,Siswa 1957,93,85,7,6,2,51,45,1
1958,Siswa 1958,67,84,4,5,7,72,46,1
1959,Siswa 1959,70,88,0,1,11,78,90,1
1960,Siswa 1960,53,87,2,6,5,87,69,1
1961,Siswa 1961,41,83,3,1,13,42,63,1
1962,Siswa 1962,65,79,3,5,13,87,61,1
1963,Siswa 1963,66,76,8,2,14,64,81,1
1964,Siswa 1964,89,92,3,2,3,54,70,0
1965,Siswa 1965,72,86,7,1,6,62,99,0
1966,Siswa 1966,48,83,0,7,10,99,99,1
1967,Siswa 1967,98,86,3,3,8,67,76,0
1968,Siswa 1968,73,80,8,3,9,42,63,1
1969,Siswa 1969,82,82,7,2,9,72,63,0
1970,Siswa 1970,69,88,4,0,8,66,57,1
1971,Siswa 1971,77,83,2,1,14,82,72,1
1972,Siswa 1972,56,81,4,2,13,49,74,1
1973,Siswa 1973,83,85,2,6,7,86,53,1
1974,Siswa 1974,51,78,5,6,11,82,96,1
1975,Siswa 1975,79,93,5,2,0,62,71,0
1976,Siswa 1976,63,82,5,7,6,71,47,1
1977,Siswa 1977,77,83,2,5,10,53,84,1
1978,Siswa 1978,90,80,8,1,11,41,76,1
1979,Siswa 1979,58,88,2,3,7,94,60,1
1980,Siswa 1980,71,81,7,7,5,100,75,0
1981,Siswa 1981,68,85,0,8,7,43,97,1
1982,Siswa 1982,40,79,7,6,8,75,57,0
1983,Siswa 1983,44,83,6,1,10,62,76,1
1984,Siswa 1984,84,78,3,5,14,40,47,1
1985,Siswa 1985,43,80,6,3,11,70,67,1
1986,Siswa 1986,40,89,1,8,2,71,69,1
1987,Siswa 1987,99,82,7,7,4,44,45,1
1988,Siswa 1988,42,80,4,3,13,100,43,1
1989,Siswa 1989,53,93,5,1,1,91,89,1
1990,Siswa 1990,41,92,0,8,0,59,44,1
1991,Siswa 1991,57,74,6,8,12,71,66,1
1992,Siswa 1992,67,86,7,0,7,70,89,1
1993,Siswa 1993,55,82,7,1,10,71,74,1
1994,Siswa 1994,62,89,3,2,6,60,45,1
1995,Siswa 1995,69,87,1,6,6,89,88,1
1996,Siswa 1996,66,86,2,8,4,61,48,1
1997,Siswa 1997,60,83,7,1,9,68,80,1
1998,Siswa 1998,67,84,7,1,8,75,91,1
1999,Siswa 1999,96,76,8,2,14,72,57,1
2000,Siswa 2000,94,93,3,3,1,98,65,0
2001,Siswa 2001,50,91,5,0,4,58,49,1
2002,Siswa 2002,83,87,7,4,2,48,54,1
2003,Siswa 2003,64,83,5,5,7,64,54,1
2004,Siswa 2004,96,81,5,8,6,100,98,0
2005,Siswa 2005,70,90,5,3,2,84,75,0
2006,Siswa 2006,94,82,1,7,10,83,46,1
2007,Siswa 2007,53,86,2,4,8,65,82,1
2008,Siswa 2008,48,92,0,1,7,65,69,1
2009,Siswa 2009,77,87,6,1,6,75,64,0
2010,Siswa 2010,72,89,1,0,10,88,70,0
2011,Siswa 2011,83,89,4,5,2,85,81,0
2012,Siswa 2012,91,86,3,4,7,66,49,1
2013,Siswa 2013,54,80,1,8,11,63,54,1
2014,Siswa 2014,66,82,0,4,14,83,60,1
2015,Siswa 2015,93,82,8,1,9,76,82,0
2016,Siswa 2016,94,81,4,6,9,95,59,1
2017,Siswa 2017,82,79,8,3,10,70,59,1
2018,Siswa 2018,46,83,0,3,14,76,51,1
2019,Siswa 2019,94,84,6,2,8,85,54,1
2020,Siswa 2020,83,96,2,0,2,94,51,0
2021,Siswa 2021,65,78,5,5,12,63,40,1
2022,Siswa 2022,92,86,2,6,6,81,70,1
2023,Siswa 2023,46,80,7,4,9,63,68,1
2024,Siswa 2024,73,89,2,5,4,85,78,0
2025,Siswa 2025,76,86,2,6,6,72,78,0
2026,Siswa 2026,51,83,3,4,10,62,72,1
2027,Siswa 2027,51,82,8,3,7,43,51,1
2028,Siswa 2028,75,82,1,7,10,79,65,0
2029,Siswa 2029,50,90,2,6,2,41,95,1
2030,Siswa 2030,100,78,6,3,13,55,44,1
2031,Siswa 2031,87,84,8,6,2,92,72,0
2032,Siswa 2032,74,80,1,7,12,56,61,1
2033,Siswa 2033,84,82,1,2,15,44,97,1
2034,Siswa 2034,55,84,3,1,12,66,60,1
2035,Siswa 2035,44,75,5,8,12,63,76,1
2036,Siswa 2036,68,86,0,8,6,99,82,1
2037,Siswa 2037,58,83,0,8,9,63,72,1
2038,Siswa 2038,85,92,0,2,6,44,69,1
2039,Siswa 2039,89,82,4,5,9,50,96,1
2040,Siswa 2040,43,82,7,6,5,66,82,1
2041,Siswa 2041,88,83,5,4,8,50,83,1
2042,Siswa 2042,61,82,3,7,8,84,53,1
2043,Siswa 2043,47,85,6,3,6,68,76,1
2044,Siswa 2044,43,96,0,3,1,96,67,1
2045,Siswa 2045,69,89,4,4,3,55,55,1
2046,Siswa 2046,99,86,4,0,10,44,79,1
2047,Siswa 2047,58,80,8,3,9,50,68,1
2048,Siswa 2048,95,78,4,4,14,67,40,1
2049,Siswa 2049,47,92,0,1,7,65,84,1
2050,Siswa 2050,82,77,5,6,12,94,99,1
2051,Siswa 2051,43,77,2,6,15,97,51,1
2052,Siswa 2052,83,78,7,7,8,60,47,1
2053,Siswa 2053,76,80,3,2,15,91,84,1
2054,Siswa 2054,88,79,7,7,7,45,75,1
2055,Siswa 2055,46,91,3,6,0,85,81,1
2056,Siswa 2056,56,86,1,6,7,83,50,1
2057,Siswa 2057,84,85,3,3,9,72,77,0
2058,Siswa 2058,84,95,3,0,2,60,86,0
2059,Siswa 2059,44,71,8,7,14,93,40,1
2060,Siswa 2060,55,78,8,6,8,75,45,1
2061,Siswa 2061,97,82,1,4,13,46,45,1
2062,Siswa 2062,89,94,1,0,5,96,58,0
2063,Siswa 2063,42,79,7,6,8,68,60,1
2064,Siswa 2064,86,76,7,4,13,64,63,1
2065,Siswa 2065,41,85,7,0,8,79,48,1
2066,Siswa 2066,41,74,8,5,13,99,50,1
2067,Siswa 2067,74,97,1,2,0,68,49,0
2068,Siswa 2068,79,89,4,1,6,62,74,0
2069,Siswa 2069,75,81,7,4,8,51,63,1
2070,Siswa 2070,56,84,7,0,9,47,67,1
2071,Siswa 2071,45,74,4,7,15,49,75,1
2072,Siswa 2072,94,73,6,8,13,66,80,1
2073,Siswa 2073,89,75,4,6,15,58,42,1
2074,Siswa 2074,73,89,5,1,5,44,42,1
2075,Siswa 2075,46,90,1,5,4,59,97,1
2076,Siswa 2076,75,76,7,7,10,73,88,0
2077,Siswa 2077,96,90,1,7,2,61,61,0
2078,Siswa 2078,46,83,3,7,7,49,43,0
2079,Siswa 2079,56,80,4,7,9,60,90,1
2080,Siswa 2080,60,88,4,5,3,66,53,1
2081,Siswa 2081,80,75,6,8,11,64,80,1
2082,Siswa 2082,91,84,0,4,12,94,69,1
2083,Siswa 2083,40,79,8,1,12,88,60,1
2084,Siswa 2084,81,90,6,2,2,65,85,0
2085,Siswa 2085,93,77,4,6,13,41,55,1
2086,Siswa 2086,78,80,6,6,8,45,57,1
2087,Siswa 2087,43,90,0,3,7,60,45,0
2088,Siswa 2088,88,88,1,5,6,61,71,0
2089,Siswa 2089,45,87,7,6,0,71,66,1
2090,Siswa 2090,67,78,2,7,13,90,72,1
2091,Siswa 2091,71,89,1,1,9,98,97,0
2092,Siswa 2092,53,80,3,4,13,48,50,1
2093,Siswa 2093,61,82,5,3,10,43,82,1
2094,Siswa 2094,51,90,0,7,3,44,44,1
2095,Siswa 2095,55,91,6,1,2,75,62,1
2096,Siswa 2096,74,76,8,3,13,78,46,1
2097,Siswa 2097,88,87,2,7,4,91,90,0
2098,Siswa 2098,65,90,5,1,4,77,99,0
2099,Siswa 2099,88,94,0,6,0,51,64,0
2100,Siswa 2100,63,94,1,4,1,63,95,0
2101,Siswa 2101,67,82,3,8,7,83,70,1
2102,Siswa 2102,59,78,5,6,11,94,48,1
2103,Siswa 2103,70,77,8,4,11,42,67,1
2104,Siswa 2104,58,80,2,5,13,42,64,1
2105,Siswa 2105,41,87,8,1,4,59,100,1
2106,Siswa 2106,91,89,0,6,5,59,86,0
2107,Siswa 2107,69,90,0,6,4,71,90,0
2108,Siswa 2108,72,82,5,5,8,94,72,0
2109,Siswa 2109,79,78,4,6,12,50,58,1
2110,Siswa 2110,40,81,3,8,8,85,61,1
2111,Siswa 2111,48,78,7,7,8,98,64,1
2112,Siswa 2112,55,90,2,0,8,42,65,1
2113,Siswa 2113,97,74,6,5,15,45,90,1
2114,Siswa 2114,99,74,6,5,15,84,59,1
2115,Siswa 2115,90,86,0,5,9,67,52,1
2116,Siswa 2116,71,77,6,6,11,83,56,1
2117,Siswa 2117,80,82,3,4,11,89,79,1
2118,Siswa 2118,83,86,2,4,8,72,47,1
2119,Siswa 2119,61,88,4,4,4,61,57,1
2120,Siswa 2120,85,88,4,8,0,75,58,0
2121,Siswa 2121,92,80,3,7,10,46,82,1
2122,Siswa 2122,62,76,2,7,15,70,75,1
2123,Siswa 2123,96,79,2,8,11,48,83,1
2124,Siswa 2124,40,84,6,4,6,98,56,1
2125,Siswa 2125,85,79,2,4,15,66,76,1
2126,Siswa 2126,69,89,4,4,3,73,98,0
2127,Siswa 2127,80,91,3,0,6,48,69,1
2128,Siswa 2128,81,88,4,1,7,59,89,1
2129,Siswa 2129,96,82,8,0,10,42,51,1
2130,Siswa 2130,60,85,1,8,6,70,40,1
2131,Siswa 2131,41,71,8,8,13,51,43,1
2132,Siswa 2132,42,84,7,1,8,41,72,1
2133,Siswa 2133,57,89,8,2,1,56,65,1
2134,Siswa 2134,63,80,8,4,8,100,77,1
2135,Siswa 2135,61,75,8,4,13,54,82,1
2136,Siswa 2136,52,90,0,5,5,82,92,1
2137,Siswa 2137,41,74,6,7,13,97,98,1
2138,Siswa 2138,69,77,6,6,11,57,81,1
2139,Siswa 2139,65,88,2,0,10,65,77,1
2140,Siswa 2140,97,92,1,5,2,90,40,0
2141,Siswa 2141,53,74,5,8,13,53,70,1
2142,Siswa 2142,88,85,2,2,11,69,76,1
2143,Siswa 2143,99,87,5,3,5,69,91,0
2144,Siswa 2144,59,75,8,5,12,73,100,1
2145,Siswa 2145,95,83,5,2,10,80,85,0
2146,Siswa 2146,90,78,7,6,9,92,63,1
2147,Siswa 2147,68,85,7,0,8,57,42,1
2148,Siswa 2148,73,84,3,0,13,78,47,1
2149,Siswa 2149,65,89,4,5,2,72,40,1
2150,Siswa 2150,93,71,8,6,15,51,68,1
2151,Siswa 2151,84,94,2,4,0,54,93,0
2152,Siswa 2152,95,83,3,4,10,75,42,1
2153,Siswa 2153,94,85,1,7,7,100,70,0
2154,Siswa 2154,45,85,4,2,9,57,51,1
2155,Siswa 2155,67,96,2,1,1,74,70,0
2156,Siswa 2156,72,81,6,3,10,59,69,1
2157,Siswa 2157,51,87,4,5,4,77,86,1
2158,Siswa 2158,89,93,0,5,2,69,69,0
2159,Siswa 2159,97,88,7,3,2,86,86,0
2160,Siswa 2160,46,75,8,3,14,56,92,1
2161,Siswa 2161,100,75,7,5,13,100,64,1
2162,Siswa 2162,48,94,4,2,0,70,69,1
2163,Siswa 2163,80,82,4,8,6,62,47,1
2164,Siswa 2164,50,74,8,4,14,47,75,1
2165,Siswa 2165,42,78,6,8,8,60,68,1
2166,Siswa 2166,44,88,2,7,3,91,93,1
2167,Siswa 2167,58,85,8,0,7,97,78,1
2168,Siswa 2168,81,95,2,3,0,80,63,0
2169,Siswa 2169,74,95,0,1,4,83,97,0
2170,Siswa 2170,50,88,6,0,6,75,62,1
2171,Siswa 2171,62,83,2,6,9,72,86,0
2172,Siswa 2172,56,85,2,6,7,48,61,1
2173,Siswa 2173,64,80,2,6,12,74,87,1
2174,Siswa 2174,94,79,7,1,13,50,62,1
2175,Siswa 2175,67,83,6,6,5,63,47,1
2176,Siswa 2176,90,86,5,4,5,40,91,0
2177,Siswa 2177,46,89,4,6,1,96,77,1
2178,Siswa 2178,80,88,4,7,1,48,69,0
2179,Siswa 2179,49,90,6,0,4,45,73,1
2180,Siswa 2180,72,81,0,4,15,100,57,1
2181,Siswa 2181,68,92,0,4,4,91,49,1
2182,Siswa 2182,83,87,3,6,4,83,57,0
2183,Siswa 2183,59,94,2,1,3,82,45,1
2184,Siswa 2184,69,85,7,8,0,80,79,0
2185,Siswa 2185,45,85,2,0,13,77,82,1
2186,Siswa 2186,43,90,2,4,4,69,75,1
2187,Siswa 2187,43,78,0,8,14,85,75,1
2188,Siswa 2188,94,81,5,5,9,74,46,1
2189,Siswa 2189,48,82,2,3,13,62,71,1
2190,Siswa 2190,86,94,3,0,3,41,53,0
2191,Siswa 2191,43,73,8,6,13,41,70,1
2192,Siswa 2192,88,77,5,4,14,97,57,1
2193,Siswa 2193,42,86,8,1,5,91,64,1
2194,Siswa 2194,91,86,2,6,6,86,75,0
2195,Siswa 2195,46,93,5,1,1,46,84,1
2196,Siswa 2196,94,96,1,0,3,71,52,1
2197,Siswa 2197,93,72,8,7,13,54,64,1
2198,Siswa 2198,52,82,1,6,11,99,71,1
2199,Siswa 2199,64,94,6,0,0,87,46,1
2200,Siswa 2200,40,91,2,1,6,70,87,1
2201,Siswa 2201,83,81,7,2,10,43,68,1
2202,Siswa 2202,46,82,6,2,10,72,82,1
2203,Siswa 2203,74,92,8,0,0,85,53,0
2204,Siswa 2204,88,85,5,5,5,63,96,0
2205,Siswa 2205,91,74,3,8,15,56,55,1
2206,Siswa 2206,86,75,4,8,13,69,78,1
2207,Siswa 2207,96,85,5,0,10,54,41,1
2208,Siswa 2208,81,78,7,7,8,90,89,0
2209,Siswa 2209,45,76,5,4,15,98,65,1
2210,Siswa 2210,82,84,5,6,5,94,80,0
2211,Siswa 2211,65,72,8,7,13,70,95,1
2212,Siswa 2212,70,77,6,4,13,69,49,1
2213,Siswa 2213,92,91,4,0,5,70,58,0
2214,Siswa 2214,43,93,4,1,2,93,58,1
2215,Siswa 2215,53,82,1,2,15,86,68,1
2216,Siswa 2216,92,88,1,5,6,91,40,0
2217,Siswa 2217,63,79,7,6,8,42,72,1
2218,Siswa 2218,83,80,5,4,11,100,68,1
2219,Siswa 2219,65,90,6,0,4,58,56,1
2220,Siswa 2220,76,81,2,2,15,87,82,1
2221,Siswa 2221,44,86,2,3,9,77,73,1
2222,Siswa 2222,71,86,4,6,4,87,50,0
2223,Siswa 2223,80,85,1,1,13,67,95,1
2224,Siswa 2224,79,82,5,4,9,75,48,1
2225,Siswa 2225,61,77,3,5,15,85,61,1
2226,Siswa 2226,78,88,8,4,0,53,40,1
2227,Siswa 2227,72,91,1,8,0,63,42,1
2228,Siswa 2228,58,84,2,7,7,92,47,1
2229,Siswa 2229,75,92,6,0,2,64,70,1
2230,Siswa 2230,70,85,4,4,7,76,97,0
2231,Siswa 2231,90,80,8,7,5,83,79,0
2232,Siswa 2232,83,85,1,3,11,48,56,1
2233,Siswa 2233,40,78,1,8,13,82,48,1
2234,Siswa 2234,76,77,5,4,14,99,40,1
2235,Siswa 2235,79,80,6,5,9,55,99,1
2236,Siswa 2236,96,90,1,4,5,47,92,0
2237,Siswa 2237,94,88,2,8,2,54,68,0
2238,Siswa 2238,79,84,3,0,13,64,88,1
2239,Siswa 2239,100,76,8,7,9,49,59,1
2240,Siswa 2240,67,88,8,3,1,40,98,1
2241,Siswa 2241,90,92,4,4,0,85,78,0
2242,Siswa 2242,64,89,1,1,9,46,61,1
2243,Siswa 2243,81,78,2,8,12,76,46,1
2244,Siswa 2244,62,84,3,0,13,52,64,1
2245,Siswa 2245,47,81,7,4,8,93,88,1
2246,Siswa 2246,57,88,0,2,10,50,43,1
2247,Siswa 2247,94,79,4,5,12,43,78,1
2248,Siswa 2248,80,90,2,6,2,93,69,0
2249,Siswa 2249,76,79,7,2,12,91,75,1
2250,Siswa 2250,67,85,1,6,8,86,84,1
2251,Siswa 2251,94,83,7,3,7,43,41,1
2252,Siswa 2252,86,93,3,0,4,62,46,0
2253,Siswa 2253,98,81,7,5,7,82,67,0
2254,Siswa 2254,81,82,5,4,9,73,71,0
2255,Siswa 2255,43,85,1,7,7,51,87,1
2256,Siswa 2256,50,95,1,4,0,63,58,1
2257,Siswa 2257,68,81,7,3,9,91,66,1
2258,Siswa 2258,64,75,8,6,11,83,100,1
2259,Siswa 2259,51,77,3,5,15,64,53,1
2260,Siswa 2260,81,90,7,1,2,82,56,0
2261,Siswa 2261,82,80,5,8,7,66,50,1
2262,Siswa 2262,95,85,1,2,12,42,64,1
2263,Siswa 2263,65,85,3,8,4,60,85,0
2264,Siswa 2264,92,95,5,0,0,76,66,0
2265,Siswa 2265,68,81,4,6,9,76,85,1
2266,Siswa 2266,99,82,5,8,5,43,95,0
2267,Siswa 2267,84,77,8,8,7,60,98,1
2268,Siswa 2268,44,94,0,0,6,90,75,1
2269,Siswa 2269,96,86,5,7,2,47,95,0
2270,Siswa 2270,92,75,7,7,11,73,68,1
2271,Siswa 2271,64,92,2,6,0,54,57,1
2272,Siswa 2272,80,75,6,5,14,57,61,1
2273,Siswa 2273,93,88,7,1,4,82,95,0
2274,Siswa 2274,50,93,3,1,3,48,75,1
2275,Siswa 2275,82,83,6,0,11,56,46,1
2276,Siswa 2276,49,78,2,6,14,58,67,1
2277,Siswa 2277,45,83,6,2,9,79,40,1
2278,Siswa 2278,81,91,0,1,8,81,54,1
2279,Siswa 2279,78,84,1,2,13,62,43,1
2280,Siswa 2280,84,91,3,4,2,62,80,0
2281,Siswa 2281,97,75,4,7,14,50,51,1
2282,Siswa 2282,50,83,2,0,15,89,81,1
2283,Siswa 2283,86,88,5,3,4,56,87,0
2284,Siswa 2284,48,83,0,8,9,66,44,1
2285,Siswa 2285,67,82,7,8,3,77,57,1
2286,Siswa 2286,56,87,7,4,2,62,90,1
2287,Siswa 2287,72,86,7,1,6,92,57,1
2288,Siswa 2288,65,86,6,3,5,61,90,0
2289,Siswa 2289,75,93,0,3,4,87,98,0
2290,Siswa 2290,41,89,5,6,0,89,42,1
2291,Siswa 2291,82,88,3,7,2,96,93,0
2292,Siswa 2292,52,84,7,4,5,72,69,1
2293,Siswa 2293,80,90,1,8,1,89,95,1
2294,Siswa 2294,64,82,8,3,7,63,44,0
2295,Siswa 2295,84,79,8,3,10,97,62,1
2296,Siswa 2296,65,90,3,0,7,60,70,1
2297,Siswa 2297,66,79,1,6,14,41,99,1
2298,Siswa 2298,52,75,7,8,10,58,80,1
2299,Siswa 2299,48,94,5,1,0,94,64,1
2300,Siswa 2300,67,88,6,3,3,58,63,0
2301,Siswa 2301,68,90,5,0,5,95,89,0
2302,Siswa 2302,98,92,1,0,7,70,61,1
2303,Siswa 2303,84,96,1,1,2,63,90,0
2304,Siswa 2304,95,95,2,0,3,56,84,0
2305,Siswa 2305,80,75,7,3,15,79,94,1
2306,Siswa 2306,67,98,1,1,0,53,43,1
2307,Siswa 2307,55,85,8,0,7,64,82,1
2308,Siswa 2308,56,88,5,4,3,88,68,1
2309,Siswa 2309,72,88,4,3,5,71,78,0
2310,Siswa 2310,54,79,7,6,8,70,49,1
2311,Siswa 2311,99,83,0,7,10,96,53,1
2312,Siswa 2312,88,87,3,7,3,63,51,0
2313,Siswa 2313,60,89,2,8,1,98,68,0
2314,Siswa 2314,48,81,1,5,13,62,69,1
2315,Siswa 2315,55,78,2,7,13,92,42,1
2316,Siswa 2316,40,92,1,6,1,62,58,1
2317,Siswa 2317,79,88,5,5,2,92,94,0
2318,Siswa 2318,43,78,8,7,7,47,56,1
2319,Siswa 2319,98,83,2,5,10,68,96,0
2320,Siswa 2320,97,89,5,2,4,62,91,0
2321,Siswa 2321,91,80,3,8,9,88,64,0
2322,Siswa 2322,90,75,4,7,14,93,51,1
2323,Siswa 2323,76,82,0,3,15,45,74,0
2324,Siswa 2324,58,89,5,0,6,60,74,1
2325,Siswa 2325,53,87,3,3,7,66,75,1
2326,Siswa 2326,83,92,3,5,0,57,57,1
2327,Siswa 2327,60,76,7,4,13,85,48,1
2328,Siswa 2328,85,73,8,5,14,84,83,1
2329,Siswa 2329,51,77,8,2,13,54,62,1
2330,Siswa 2330,89,83,8,5,4,86,42,0
2331,Siswa 2331,83,87,7,1,5,75,74,0
2332,Siswa 2332,58,84,2,4,10,59,94,1
2333,Siswa 2333,48,86,5,8,1,65,48,1
2334,Siswa 2334,70,80,6,8,6,66,58,1
2335,Siswa 2335,98,96,2,1,1,67,72,0
2336,Siswa 2336,85,84,7,0,9,65,64,1
2337,Siswa 2337,77,83,5,1,11,70,46,1
2338,Siswa 2338,91,87,6,7,0,74,91,0
2339,Siswa 2339,100,89,6,5,0,91,74,0
2340,Siswa 2340,97,80,3,4,13,75,55,1
2341,Siswa 2341,95,86,8,2,4,61,86,0
2342,Siswa 2342,92,83,6,6,5,86,87,0
2343,Siswa 2343,63,84,4,6,6,45,95,1
2344,Siswa 2344,80,73,7,5,15,73,64,1
2345,Siswa 2345,55,92,1,0,7,53,68,1
2346,Siswa 2346,91,85,8,2,5,60,58,0
2347,Siswa 2347,95,93,1,4,2,59,82,0
2348,Siswa 2348,40,76,6,7,11,73,66,1
2349,Siswa 2349,93,88,3,4,5,61,91,0
2350,Siswa 2350,77,78,5,8,9,83,62,1
2351,Siswa 2351,65,86,2,5,7,50,44,1
2352,Siswa 2352,40,84,6,8,2,48,84,1
2353,Siswa 2353,75,92,5,0,3,56,99,0
2354,Siswa 2354,83,89,4,2,5,61,49,0
2355,Siswa 2355,58,83,7,2,8,80,70,1
2356,Siswa 2356,46,82,0,7,11,83,60,1
2357,Siswa 2357,86,79,6,8,7,61,69,1
2358,Siswa 2358,48,93,2,4,1,85,78,1
2359,Siswa 2359,92,88,4,6,2,79,67,1
2360,Siswa 2360,52,86,4,1,9,65,87,1
2361,Siswa 2361,99,93,2,4,1,65,84,0
2362,Siswa 2362,65,87,2,7,4,63,72,0
2363,Siswa 2363,53,84,3,0,13,96,88,1
2364,Siswa 2364,90,80,7,6,7,72,73,0
2365,Siswa 2365,78,80,5,2,13,51,61,1
2366,Siswa 2366,63,84,8,0,8,88,95,1
2367,Siswa 2367,72,79,7,3,11,70,85,1
2368,Siswa 2368,83,81,1,3,15,53,49,1
2369,Siswa 2369,95,85,7,2,6,46,70,1
2370,Siswa 2370,46,87,3,3,7,93,44,1
2371,Siswa 2371,50,86,1,2,11,58,93,1
2372,Siswa 2372,47,88,2,3,7,55,51,1
2373,Siswa 2373,70,75,4,8,13,81,74,1
2374,Siswa 2374,82,88,5,2,5,67,83,0
2375,Siswa 2375,75,86,7,0,7,67,52,1
2376,Siswa 2376,57,86,6,8,0,59,40,1
2377,Siswa 2377,82,96,0,3,1,91,71,0
2378,Siswa 2378,54,88,6,4,2,42,43,1
2379,Siswa 2379,65,91,3,5,1,41,88,1
2380,Siswa 2380,61,90,4,3,3,96,61,1
2381,Siswa 2381,55,90,6,1,3,67,43,1
2382,Siswa 2382,40,97,1,0,2,42,60,1
2383,Siswa 2383,82,81,2,8,9,59,40,1
2384,Siswa 2384,93,80,5,2,13,100,58,1
2385,Siswa 2385,55,84,8,7,1,74,73,1
2386,Siswa 2386,79,88,4,8,0,89,60,0
2387,Siswa 2387,91,88,3,1,8,46,89,1
2388,Siswa 2388,63,72,6,8,14,99,83,1
2389,Siswa 2389,40,78,4,6,12,93,65,1
2390,Siswa 2390,66,86,3,2,9,68,88,1
2391,Siswa 2391,55,86,4,0,10,70,68,1
2392,Siswa 2392,96,93,0,0,7,86,58,1
2393,Siswa 2393,67,80,3,4,13,50,94,1
2394,Siswa 2394,68,87,5,6,2,93,63,0
2395,Siswa 2395,88,91,3,3,3,72,95,0
2396,Siswa 2396,40,97,2,0,1,91,99,1
2397,Siswa 2397,84,92,4,2,2,70,90,0
2398,Siswa 2398,78,74,8,7,11,84,93,1
2399,Siswa 2399,71,88,1,4,7,51,83,1
2400,Siswa 2400,57,73,7,6,14,74,62,1
2401,Siswa 2401,90,84,2,1,13,97,42,1
2402,Siswa 2402,100,79,4,8,9,54,87,1
2403,Siswa 2403,96,72,6,8,14,49,58,1
2404,Siswa 2404,80,87,5,5,3,73,98,0
2405,Siswa 2405,98,76,6,8,10,74,90,0
2406,Siswa 2406,56,92,1,7,0,81,48,1
2407,Siswa 2407,56,83,6,6,5,51,90,1
2408,Siswa 2408,73,91,8,1,0,93,69,0
2409,Siswa 2409,98,92,1,4,3,67,80,0
2410,Siswa 2410,51,90,0,3,7,70,41,1
2411,Siswa 2411,84,94,2,2,2,68,55,0
2412,Siswa 2412,51,93,3,2,2,98,44,1
2413,Siswa 2413,76,94,1,2,3,56,46,1
2414,Siswa 2414,78,84,4,2,10,60,68,1
2415,Siswa 2415,55,81,4,5,10,44,82,1
2416,Siswa 2416,90,92,8,0,0,80,50,0
2417,Siswa 2417,63,73,8,4,15,79,64,0
2418,Siswa 2418,43,85,5,0,10,52,56,1
2419,Siswa 2419,61,77,8,1,14,91,58,1
2420,Siswa 2420,42,80,0,7,13,57,44,1
2421,Siswa 2421,87,91,2,3,4,91,45,0
2422,Siswa 2422,60,82,4,6,8,69,70,1
2423,Siswa 2423,100,88,1,1,10,60,54,1
2424,Siswa 2424,100,80,3,4,13,54,54,1
2425,Siswa 2425,50,88,5,1,6,66,94,1
2426,Siswa 2426,60,82,7,5,6,96,100,1
2427,Siswa 2427,91,82,1,8,9,92,45,1
2428,Siswa 2428,72,85,6,4,5,55,61,0
2429,Siswa 2429,57,88,8,3,1,56,49,1
2430,Siswa 2430,62,89,1,1,9,41,40,1
2431,Siswa 2431,88,88,3,7,2,84,42,0
2432,Siswa 2432,90,86,7,5,2,70,67,0
2433,Siswa 2433,81,88,6,1,5,51,41,1
2434,Siswa 2434,94,76,5,6,13,41,85,1
2435,Siswa 2435,83,90,4,2,4,43,68,0
2436,Siswa 2436,96,88,3,0,9,82,91,0
2437,Siswa 2437,65,86,8,1,5,43,76,1
2438,Siswa 2438,59,84,2,2,12,42,81,1
2439,Siswa 2439,64,82,6,5,7,50,100,1
2440,Siswa 2440,65,76,6,3,15,86,79,1
2441,Siswa 2441,84,91,0,3,6,41,100,1
2442,Siswa 2442,93,79,7,6,8,99,63,1
2443,Siswa 2443,82,84,4,5,7,54,95,1
2444,Siswa 2444,61,87,2,6,5,98,90,0
2445,Siswa 2445,46,87,1,3,9,96,69,1
2446,Siswa 2446,99,81,8,7,4,57,61,0
2447,Siswa 2447,66,90,1,8,1,71,49,1
2448,Siswa 2448,90,86,3,1,10,50,54,1
2449,Siswa 2449,80,82,7,2,9,79,41,1
2450,Siswa 2450,50,77,8,8,7,82,98,1
2451,Siswa 2451,66,93,6,1,0,52,56,1
2452,Siswa 2452,61,78,0,7,15,89,80,1
2453,Siswa 2453,96,87,3,8,2,52,83,0
2454,Siswa 2454,79,90,1,0,9,49,84,1
2455,Siswa 2455,71,80,7,4,9,43,81,1
2456,Siswa 2456,84,93,4,2,1,93,41,0
2457,Siswa 2457,86,88,3,7,2,91,83,0
2458,Siswa 2458,92,84,1,7,8,88,49,1
2459,Siswa 2459,50,87,1,0,12,97,69,1
2460,Siswa 2460,74,79,7,4,10,47,94,1
2461,Siswa 2461,89,87,2,7,4,75,94,0
2462,Siswa 2462,60,89,3,4,4,78,65,0
2463,Siswa 2463,49,86,5,8,1,85,64,1
2464,Siswa 2464,85,80,2,8,10,46,43,1
2465,Siswa 2465,75,87,1,5,7,92,73,0
2466,Siswa 2466,100,80,4,4,12,56,68,1
2467,Siswa 2467,64,72,7,7,14,59,45,0
2468,Siswa 2468,92,85,7,5,3,74,83,0
2469,Siswa 2469,40,90,2,1,7,60,51,0
2470,Siswa 2470,55,93,0,0,7,91,62,1
2471,Siswa 2471,61,88,0,7,5,56,90,1
2472,Siswa 2472,42,93,4,2,1,74,43,1
2473,Siswa 2473,82,81,6,1,12,54,86,1
2474,Siswa 2474,41,87,3,6,4,79,70,1
2475,Siswa 2475,95,82,6,5,7,93,56,1
2476,Siswa 2476,59,86,0,2,12,49,99,0
2477,Siswa 2477,99,71,8,6,15,83,68,1
2478,Siswa 2478,72,76,8,5,11,99,99,1
2479,Siswa 2479,68,80,3,6,11,53,42,1
2480,Siswa 2480,89,97,0,1,2,88,88,0
2481,Siswa 2481,70,76,8,2,14,84,54,1
2482,Siswa 2482,65,79,6,3,12,74,55,1
2483,Siswa 2483,43,90,1,8,1,63,63,1
2484,Siswa 2484,77,75,5,8,12,91,63,1
2485,Siswa 2485,94,76,4,8,12,54,59,1
2486,Siswa 2486,40,85,3,4,8,47,69,1
2487,Siswa 2487,53,82,4,1,13,40,98,1
2488,Siswa 2488,48,79,8,3,10,82,60,1
2489,Siswa 2489,60,88,6,4,2,50,60,1
2490,Siswa 2490,44,88,2,0,10,44,53,1
2491,Siswa 2491,58,84,7,2,7,67,57,1
2492,Siswa 2492,69,74,7,4,15,58,90,0
2493,Siswa 2493,41,81,7,7,5,43,46,1
2494,Siswa 2494,56,85,2,3,10,46,96,1
2495,Siswa 2495,72,90,0,4,6,94,71,0
2496,Siswa 2496,54,81,8,7,4,98,90,1
2497,Siswa 2497,85,94,2,2,2,87,76,0
2498,Siswa 2498,73,84,3,8,5,51,65,0
2499,Siswa 2499,64,87,5,0,8,82,56,1
2500,Siswa 2500,52,84,2,5,9,70,74,1
2501,Siswa 2501,73,88,5,5,2,46,53,1
2502,Siswa 2502,63,72,6,8,14,47,87,1
2503,Siswa 2503,55,90,7,3,0,67,98,1
2504,Siswa 2504,60,80,7,4,9,62,47,1
2505,Siswa 2505,62,76,4,8,12,42,88,1
2506,Siswa 2506,46,78,7,1,14,70,67,1
2507,Siswa 2507,66,95,2,0,3,65,88,0
2508,Siswa 2508,62,84,8,8,0,72,100,0
2509,Siswa 2509,52,87,3,4,6,72,48,1
2510,Siswa 2510,97,70,7,8,15,67,77,1
2511,Siswa 2511,85,83,2,4,11,69,82,1
2512,Siswa 2512,99,86,6,2,6,95,63,0
2513,Siswa 2513,90,79,8,8,5,64,92,1
2514,Siswa 2514,60,77,1,8,14,84,81,1
2515,Siswa 2515,40,83,2,0,15,99,62,1
2516,Siswa 2516,93,85,0,8,7,42,73,1
2517,Siswa 2517,49,79,3,5,13,69,71,1
2518,Siswa 2518,99,73,5,8,14,41,44,1
2519,Siswa 2519,83,92,2,4,2,76,56,1
2520,Siswa 2520,92,93,1,5,1,79,72,0
2521,Siswa 2521,64,79,4,3,14,85,45,1
2522,Siswa 2522,69,81,2,6,11,82,68,1
2523,Siswa 2523,59,82,3,6,9,93,46,1
2524,Siswa 2524,87,92,2,2,4,73,94,0
2525,Siswa 2525,94,85,3,0,12,99,94,1
2526,Siswa 2526,68,80,4,4,12,99,81,1
2527,Siswa 2527,75,80,6,6,8,46,96,1
2528,Siswa 2528,82,92,0,6,2,81,93,0
2529,Siswa 2529,82,92,3,5,0,40,82,0
2530,Siswa 2530,100,88,1,3,8,77,71,0
2531,Siswa 2531,78,94,5,1,0,91,88,0
2532,Siswa 2532,74,78,7,0,15,51,100,1
2533,Siswa 2533,87,84,0,5,11,46,45,1
2534,Siswa 2534,61,81,8,5,6,94,53,1
2535,Siswa 2535,59,94,1,1,4,96,96,1
2536,Siswa 2536,46,76,8,3,13,60,75,1
2537,Siswa 2537,82,97,0,0,3,67,89,0
2538,Siswa 2538,72,89,2,6,3,91,67,0
2539,Siswa 2539,72,72,6,8,14,90,48,1
2540,Siswa 2540,70,88,1,6,5,79,73,0
2541,Siswa 2541,55,80,8,4,8,45,63,1
2542,Siswa 2542,90,90,3,6,1,84,100,0
2543,Siswa 2543,66,88,1,3,8,51,58,1
2544,Siswa 2544,64,81,1,5,13,93,71,1
2545,Siswa 2545,53,82,1,2,15,83,81,1
2546,Siswa 2546,67,86,7,0,7,70,55,1
2547,Siswa 2547,79,82,4,8,6,61,62,1
2548,Siswa 2548,69,94,0,5,1,47,83,1
2549,Siswa 2549,55,89,1,2,8,70,60,1
2550,Siswa 2550,43,80,4,3,13,87,45,1
2551,Siswa 2551,77,85,5,2,8,78,79,0
2552,Siswa 2552,92,73,7,7,13,81,50,1
2553,Siswa 2553,72,83,2,8,7,60,84,0
2554,Siswa 2554,79,84,5,0,11,49,50,1
2555,Siswa 2555,98,78,5,4,13,87,54,1
2556,Siswa 2556,56,78,4,3,15,73,84,1
2557,Siswa 2557,72,79,5,4,12,75,69,1
2558,Siswa 2558,69,91,0,8,1,94,92,0
2559,Siswa 2559,47,87,2,2,9,87,53,1
2560,Siswa 2560,64,94,1,2,3,89,88,0
2561,Siswa 2561,86,85,0,0,15,78,66,1
2562,Siswa 2562,47,84,7,5,4,47,59,1
2563,Siswa 2563,72,86,3,3,8,42,44,1
2564,Siswa 2564,88,83,2,3,12,43,77,1
2565,Siswa 2565,64,87,1,8,4,41,60,1
2566,Siswa 2566,57,90,8,0,2,52,98,1
2567,Siswa 2567,76,76,8,6,10,80,66,1
2568,Siswa 2568,51,77,7,6,10,61,67,1
2569,Siswa 2569,59,82,5,0,13,63,66,1
2570,Siswa 2570,56,92,5,1,2,47,48,1
2571,Siswa 2571,54,74,4,8,14,55,64,1
2572,Siswa 2572,93,93,0,4,3,93,74,0
2573,Siswa 2573,47,73,4,8,15,83,90,1
2574,Siswa 2574,65,83,2,4,11,87,43,1
2575,Siswa 2575,89,90,0,0,10,68,88,0
2576,Siswa 2576,87,89,0,1,10,43,61,1
2577,Siswa 2577,90,81,8,6,5,80,45,0
2578,Siswa 2578,60,78,4,5,13,65,49,1
2579,Siswa 2579,77,99,0,1,0,56,81,0
2580,Siswa 2580,74,73,7,8,12,91,90,1
2581,Siswa 2581,77,97,0,0,3,96,68,0
2582,Siswa 2582,96,88,2,2,8,81,74,0
2583,Siswa 2583,50,79,2,4,15,70,69,1
2584,Siswa 2584,84,89,0,2,9,83,72,0
2585,Siswa 2585,53,74,7,4,15,43,95,1
2586,Siswa 2586,43,88,2,6,4,73,90,1
2587,Siswa 2587,78,76,8,7,9,42,97,1
2588,Siswa 2588,48,74,8,8,10,59,64,1
2589,Siswa 2589,40,80,8,7,5,62,42,1
2590,Siswa 2590,46,92,2,6,0,66,77,1
2591,Siswa 2591,89,84,5,8,3,49,72,1
2592,Siswa 2592,47,94,2,0,4,90,52,1
2593,Siswa 2593,74,84,8,4,4,71,86,0
2594,Siswa 2594,44,86,6,4,4,69,51,1
2595,Siswa 2595,80,86,3,2,9,68,73,0
2596,Siswa 2596,56,89,5,1,5,93,44,1
2597,Siswa 2597,88,87,3,7,3,50,43,1
2598,Siswa 2598,43,88,4,2,6,72,58,1
2599,Siswa 2599,61,79,4,3,14,84,63,1
2600,Siswa 2600,65,78,5,7,10,82,50,1
2601,Siswa 2601,50,91,3,2,4,48,63,1
2602,Siswa 2602,69,87,6,3,4,76,40,1
2603,Siswa 2603,70,94,2,3,1,40,75,0
2604,Siswa 2604,83,81,7,7,5,45,81,0
2605,Siswa 2605,50,90,1,5,4,76,58,1
2606,Siswa 2606,51,93,5,2,0,70,80,1
2607,Siswa 2607,47,78,8,8,6,82,59,1
2608,Siswa 2608,70,74,7,6,13,44,43,1
2609,Siswa 2609,89,76,3,6,15,43,69,1
2610,Siswa 2610,83,74,8,4,14,41,77,1
2611,Siswa 2611,75,87,2,1,10,61,65,1
2612,Siswa 2612,75,77,8,0,15,90,97,1
2613,Siswa 2613,44,82,0,6,12,43,77,1
2614,Siswa 2614,82,82,8,8,2,83,60,0
2615,Siswa 2615,45,85,2,1,12,41,58,1
2616,Siswa 2616,56,83,8,6,3,85,76,1
2617,Siswa 2617,45,76,7,7,10,92,95,1
2618,Siswa 2618,53,80,5,8,7,42,57,1
2619,Siswa 2619,75,83,0,4,13,52,91,1
2620,Siswa 2620,91,83,2,0,15,79,88,1
2621,Siswa 2621,49,85,4,7,4,51,74,1
2622,Siswa 2622,55,86,1,4,9,63,65,1
2623,Siswa 2623,48,76,5,7,12,51,83,1
2624,Siswa 2624,72,93,2,5,0,98,79,0
2625,Siswa 2625,61,98,0,1,1,91,59,1
2626,Siswa 2626,94,72,8,7,13,94,79,1
2627,Siswa 2627,40,86,5,7,2,89,91,1
2628,Siswa 2628,62,86,7,1,6,62,97,1
2629,Siswa 2629,55,98,1,0,1,75,66,1
2630,Siswa 2630,43,75,7,4,14,96,40,1
2631,Siswa 2631,99,85,0,4,11,86,56,1
2632,Siswa 2632,51,82,8,4,6,85,45,1
2633,Siswa 2633,84,97,2,1,0,95,62,0
2634,Siswa 2634,66,89,2,0,9,63,60,1
2635,Siswa 2635,83,89,2,0,9,53,75,1
2636,Siswa 2636,83,77,2,7,14,72,65,1
2637,Siswa 2637,61,84,8,4,4,81,68,0
2638,Siswa 2638,45,93,4,3,0,50,52,1
2639,Siswa 2639,89,85,7,3,5,51,54,1
2640,Siswa 2640,55,83,4,2,11,94,67,0
2641,Siswa 2641,82,90,3,4,3,94,64,0
2642,Siswa 2642,79,78,0,7,15,89,90,1
2643,Siswa 2643,59,88,7,5,0,90,88,0
2644,Siswa 2644,43,89,4,0,7,85,77,1
2645,Siswa 2645,82,81,5,4,10,80,58,1
2646,Siswa 2646,96,78,5,4,13,67,50,1
2647,Siswa 2647,88,82,3,0,15,62,60,1
2648,Siswa 2648,77,79,4,5,12,85,73,1
2649,Siswa 2649,44,72,8,8,12,80,75,1
2650,Siswa 2650,96,91,1,7,1,74,64,0
2651,Siswa 2651,97,86,4,5,5,87,96,0
2652,Siswa 2652,44,87,6,4,3,48,59,1
2653,Siswa 2653,69,74,8,5,13,45,89,1
2654,Siswa 2654,99,82,8,3,7,68,86,0
2655,Siswa 2655,45,82,7,1,10,88,48,1
2656,Siswa 2656,78,80,2,8,10,87,56,1
2657,Siswa 2657,80,75,8,3,14,89,52,1
2658,Siswa 2658,45,97,0,0,3,100,64,1
2659,Siswa 2659,49,89,4,4,3,52,81,1
2660,Siswa 2660,85,89,1,1,9,99,88,0
2661,Siswa 2661,53,78,5,3,14,96,60,1
2662,Siswa 2662,71,82,8,1,9,67,70,0
2663,Siswa 2663,88,82,4,7,7,91,51,1
2664,Siswa 2664,74,86,6,5,3,89,73,0
2665,Siswa 2665,50,83,5,0,12,62,48,1
2666,Siswa 2666,97,85,5,7,3,88,56,0
2667,Siswa 2667,64,82,4,0,14,94,42,1
2668,Siswa 2668,44,87,4,5,4,51,71,1
2669,Siswa 2669,41,95,1,4,0,58,60,1
2670,Siswa 2670,59,84,4,5,7,60,92,1
2671,Siswa 2671,86,80,3,6,11,85,58,1
2672,Siswa 2672,58,79,8,2,11,74,83,1
2673,Siswa 2673,71,72,6,7,15,53,91,1
2674,Siswa 2674,77,90,0,6,4,45,83,0
2675,Siswa 2675,91,76,4,6,14,59,56,1
2676,Siswa 2676,80,87,8,3,2,100,62,0
2677,Siswa 2677,70,82,5,2,11,95,93,1
2678,Siswa 2678,90,81,5,4,10,100,86,0
2679,Siswa 2679,42,84,1,1,14,45,53,1
2680,Siswa 2680,79,89,0,6,5,58,96,0
2681,Siswa 2681,54,88,5,1,6,92,90,1
2682,Siswa 2682,88,95,5,0,0,96,98,0
2683,Siswa 2683,59,83,5,1,11,70,56,1
2684,Siswa 2684,93,82,7,8,3,96,59,1
2685,Siswa 2685,67,85,2,2,11,97,66,1
2686,Siswa 2686,76,83,3,6,8,51,97,1
2687,Siswa 2687,55,88,1,4,7,48,51,1
2688,Siswa 2688,57,95,0,4,1,100,75,1
2689,Siswa 2689,86,84,1,8,7,62,74,0
2690,Siswa 2690,71,95,2,1,2,62,83,0
2691,Siswa 2691,56,91,6,1,2,74,70,1
2692,Siswa 2692,41,90,0,3,7,77,56,1
2693,Siswa 2693,59,79,8,7,6,86,88,1
2694,Siswa 2694,77,82,7,3,8,98,80,0
2695,Siswa 2695,86,78,7,2,13,47,45,1
2696,Siswa 2696,52,88,0,0,12,99,95,1
2697,Siswa 2697,77,81,1,7,11,57,84,1
2698,Siswa 2698,98,79,6,7,8,49,48,1
2699,Siswa 2699,64,84,5,8,3,60,71,0
2700,Siswa 2700,45,85,3,6,6,86,41,1
2701,Siswa 2701,59,85,1,1,13,67,69,1
2702,Siswa 2702,62,87,8,4,1,54,64,1
2703,Siswa 2703,67,91,0,2,7,62,54,1
2704,Siswa 2704,100,97,2,0,1,69,91,0
2705,Siswa 2705,81,90,7,2,1,73,65,0
2706,Siswa 2706,53,87,2,1,10,84,87,1
2707,Siswa 2707,82,88,1,6,5,58,56,1
2708,Siswa 2708,96,85,5,6,4,65,91,0
2709,Siswa 2709,52,83,6,5,6,57,74,1
2710,Siswa 2710,40,84,7,2,7,60,97,1
2711,Siswa 2711,81,82,1,2,15,74,74,1
2712,Siswa 2712,60,75,7,4,14,40,66,1
2713,Siswa 2713,67,79,3,4,14,94,43,1
2714,Siswa 2714,89,85,2,8,5,60,82,0
2715,Siswa 2715,61,96,4,0,0,85,90,0
2716,Siswa 2716,76,82,6,2,10,63,48,1
2717,Siswa 2717,82,91,0,0,9,91,95,1
2718,Siswa 2718,71,84,3,8,5,48,78,0
2719,Siswa 2719,42,79,2,8,11,53,78,1
2720,Siswa 2720,97,77,4,6,13,75,80,1
2721,Siswa 2721,78,89,0,8,3,99,66,0
2722,Siswa 2722,67,75,7,5,13,42,81,1
2723,Siswa 2723,64,82,7,8,3,53,56,1
2724,Siswa 2724,61,82,5,1,12,74,60,1
2725,Siswa 2725,56,84,5,6,5,69,91,0
2726,Siswa 2726,58,90,7,3,0,50,61,1
2727,Siswa 2727,56,91,8,1,0,40,68,1
2728,Siswa 2728,84,98,1,1,0,53,72,0
2729,Siswa 2729,100,77,7,2,14,75,41,1
2730,Siswa 2730,80,80,6,6,8,80,66,0
2731,Siswa 2731,67,89,3,6,2,52,40,1
2732,Siswa 2732,75,74,7,8,11,72,41,1
2733,Siswa 2733,93,86,6,0,8,92,75,0
2734,Siswa 2734,43,77,7,8,8,66,60,1
2735,Siswa 2735,79,74,5,8,13,67,67,1
2736,Siswa 2736,57,83,0,5,12,97,94,1
2737,Siswa 2737,57,96,0,4,0,80,86,1
2738,Siswa 2738,76,78,0,7,15,63,95,1
2739,Siswa 2739,65,83,1,5,11,61,75,1
2740,Siswa 2740,53,90,3,3,4,68,54,1
2741,Siswa 2741,59,92,4,2,2,77,84,1
2742,Siswa 2742,48,87,0,3,10,67,91,0
2743,Siswa 2743,59,90,7,0,3,43,67,1
2744,Siswa 2744,61,85,1,7,7,42,90,1
2745,Siswa 2745,88,75,8,8,9,57,74,0
2746,Siswa 2746,71,80,2,3,15,48,95,1
2747,Siswa 2747,50,94,2,3,1,80,64,1
2748,Siswa 2748,96,79,1,6,14,63,62,1
2749,Siswa 2749,56,90,1,1,8,77,40,1
2750,Siswa 2750,44,79,1,6,14,79,85,1
2751,Siswa 2751,83,83,3,7,7,62,90,0
2752,Siswa 2752,76,84,4,6,6,100,67,0
2753,Siswa 2753,93,80,7,2,11,40,97,1
2754,Siswa 2754,53,86,4,8,2,71,68,1
2755,Siswa 2755,52,89,1,2,8,66,79,1
2756,Siswa 2756,67,80,5,7,8,79,76,1
2757,Siswa 2757,92,76,5,6,13,74,51,1
2758,Siswa 2758,54,86,4,4,6,92,53,1
2759,Siswa 2759,84,90,5,2,3,79,79,0
2760,Siswa 2760,85,73,6,7,14,86,66,1
2761,Siswa 2761,64,88,5,7,0,72,57,1
2762,Siswa 2762,92,93,2,4,1,67,86,0
2763,Siswa 2763,79,76,8,6,10,59,53,1
2764,Siswa 2764,63,91,0,1,8,76,54,0
2765,Siswa 2765,90,89,7,4,0,48,61,0
2766,Siswa 2766,53,76,7,3,14,72,74,1
2767,Siswa 2767,60,78,2,7,13,49,93,1
2768,Siswa 2768,59,87,0,4,9,87,80,1
2769,Siswa 2769,51,87,0,3,10,47,79,1
2770,Siswa 2770,51,85,1,0,14,67,69,1
2771,Siswa 2771,64,82,0,5,13,64,93,1
2772,Siswa 2772,42,87,4,4,5,40,79,1
2773,Siswa 2773,50,77,5,5,13,73,89,1
2774,Siswa 2774,45,79,7,8,6,79,74,1
2775,Siswa 2775,72,84,7,7,2,100,93,1
2776,Siswa 2776,81,82,0,8,10,91,92,0
2777,Siswa 2777,64,85,2,7,6,98,55,1
2778,Siswa 2778,53,83,0,6,11,56,45,1
2779,Siswa 2779,97,82,4,1,13,87,81,1
2780,Siswa 2780,46,82,1,7,10,78,52,1
2781,Siswa 2781,54,88,5,6,1,96,91,1
2782,Siswa 2782,49,84,8,3,5,50,83,1
2783,Siswa 2783,85,77,6,3,14,96,55,1
2784,Siswa 2784,59,73,8,8,11,51,84,1
2785,Siswa 2785,74,81,4,0,15,43,89,1
2786,Siswa 2786,60,81,7,2,10,96,80,1
2787,Siswa 2787,49,74,4,7,15,98,91,1
2788,Siswa 2788,99,82,5,2,11,79,59,1
2789,Siswa 2789,41,86,3,5,6,97,67,1
2790,Siswa 2790,42,82,8,6,4,88,46,1
2791,Siswa 2791,82,78,6,6,10,52,83,1
2792,Siswa 2792,74,75,8,3,14,41,72,1
2793,Siswa 2793,71,100,0,0,0,97,69,0
2794,Siswa 2794,97,82,5,8,5,91,79,0
2795,Siswa 2795,95,91,1,2,6,87,100,0
2796,Siswa 2796,58,91,6,1,2,62,84,1
2797,Siswa 2797,71,77,5,4,14,62,94,1
2798,Siswa 2798,93,76,7,4,13,62,96,1
2799,Siswa 2799,92,87,4,7,2,97,75,0
2800,Siswa 2800,55,84,3,6,7,85,40,1
2801,Siswa 2801,90,80,3,5,12,63,78,1
2802,Siswa 2802,49,92,0,7,1,61,90,1
2803,Siswa 2803,66,80,0,8,12,94,55,1
2804,Siswa 2804,43,83,7,7,3,84,56,1
2805,Siswa 2805,94,82,1,3,14,94,83,1
2806,Siswa 2806,55,84,3,7,6,96,51,1
2807,Siswa 2807,83,81,5,2,12,91,92,1
2808,Siswa 2808,48,92,1,5,2,99,91,1
2809,Siswa 2809,58,91,7,2,0,85,77,1
2810,Siswa 2810,59,84,1,1,14,67,91,1
2811,Siswa 2811,61,92,5,1,2,66,74,0
2812,Siswa 2812,81,83,4,1,12,65,67,1
2813,Siswa 2813,64,89,0,0,11,61,44,1
2814,Siswa 2814,47,75,5,8,12,94,81,1
2815,Siswa 2815,43,78,8,8,6,73,49,1
2816,Siswa 2816,67,90,5,4,1,42,66,1
2817,Siswa 2817,59,90,2,3,5,60,50,1
2818,Siswa 2818,54,89,4,6,1,57,96,1
2819,Siswa 2819,75,77,7,3,13,54,76,1
2820,Siswa 2820,82,84,8,8,0,63,83,0
2821,Siswa 2821,100,75,7,7,11,83,64,1
2822,Siswa 2822,61,90,6,3,1,79,73,1
2823,Siswa 2823,79,78,8,2,12,99,65,1
2824,Siswa 2824,61,90,3,7,0,55,68,1
2825,Siswa 2825,88,86,1,2,11,41,90,1
2826,Siswa 2826,43,80,4,5,11,52,60,1
2827,Siswa 2827,85,79,2,8,11,85,72,1
2828,Siswa 2828,82,90,0,7,3,89,52,0
2829,Siswa 2829,66,86,8,5,1,87,46,1
2830,Siswa 2830,55,80,2,4,14,73,58,1
2831,Siswa 2831,100,95,0,1,4,71,82,0
2832,Siswa 2832,87,79,6,2,13,98,71,1
2833,Siswa 2833,69,85,5,6,4,40,93,1
2834,Siswa 2834,71,87,0,3,10,87,96,0
2835,Siswa 2835,52,76,3,7,14,68,83,1
2836,Siswa 2836,58,93,1,0,6,68,47,1
2837,Siswa 2837,75,79,4,5,12,91,60,1
2838,Siswa 2838,48,84,8,3,5,96,63,1
2839,Siswa 2839,69,79,2,8,11,88,42,1
2840,Siswa 2840,70,91,2,3,4,42,85,0
2841,Siswa 2841,79,92,1,5,2,89,99,0
2842,Siswa 2842,98,82,4,2,12,41,49,1
2843,Siswa 2843,49,89,5,3,3,77,57,1
2844,Siswa 2844,97,79,6,7,8,99,66,1
2845,Siswa 2845,78,77,7,5,11,87,64,1
2846,Siswa 2846,70,74,8,8,10,58,53,1
2847,Siswa 2847,44,95,1,0,4,56,78,1
2848,Siswa 2848,69,82,4,7,7,96,92,1
2849,Siswa 2849,41,81,2,4,13,74,90,1
2850,Siswa 2850,96,75,7,4,14,80,58,1
2851,Siswa 2851,75,89,2,8,1,43,82,0
2852,Siswa 2852,78,76,8,3,13,57,69,1
2853,Siswa 2853,69,70,8,7,15,68,52,1
2854,Siswa 2854,71,93,7,0,0,46,81,0
2855,Siswa 2855,49,76,6,5,13,99,89,1
2856,Siswa 2856,69,77,4,5,14,50,94,1
2857,Siswa 2857,49,92,2,0,6,77,70,1
2858,Siswa 2858,67,96,0,3,1,91,70,0
2859,Siswa 2859,66,75,7,3,15,65,73,1
2860,Siswa 2860,84,87,0,6,7,49,94,1
2861,Siswa 2861,55,91,2,3,4,80,68,1
2862,Siswa 2862,47,75,7,6,12,80,55,1
2863,Siswa 2863,72,76,6,5,13,74,58,1
2864,Siswa 2864,79,76,6,3,15,58,67,1
2865,Siswa 2865,41,76,7,8,9,63,55,1
2866,Siswa 2866,61,76,5,5,14,91,54,1
2867,Siswa 2867,62,89,2,2,7,64,47,1
2868,Siswa 2868,44,96,4,0,0,95,52,1
2869,Siswa 2869,42,75,4,8,13,93,48,1
2870,Siswa 2870,75,72,8,6,14,97,78,1
2871,Siswa 2871,60,87,7,2,4,52,51,1
2872,Siswa 2872,57,78,8,4,10,79,86,1
2873,Siswa 2873,49,90,7,1,2,64,44,1
2874,Siswa 2874,43,95,4,1,0,68,53,1
2875,Siswa 2875,84,93,0,2,5,59,91,0
2876,Siswa 2876,43,87,4,8,1,97,43,1
2877,Siswa 2877,76,81,5,0,14,85,50,1
2878,Siswa 2878,94,85,0,8,7,82,96,0
2879,Siswa 2879,94,84,4,7,5,82,45,0
2880,Siswa 2880,65,79,3,5,13,56,100,1
2881,Siswa 2881,61,81,1,3,15,50,55,1
2882,Siswa 2882,100,89,3,8,0,94,51,0
2883,Siswa 2883,44,81,5,2,12,85,49,1
2884,Siswa 2884,42,95,1,2,2,89,67,1
2885,Siswa 2885,81,82,7,4,7,47,55,1
2886,Siswa 2886,44,79,7,6,8,92,97,1
2887,Siswa 2887,53,93,6,1,0,49,94,1
2888,Siswa 2888,42,85,6,5,4,86,53,1
2889,Siswa 2889,94,80,6,4,10,80,41,1
2890,Siswa 2890,68,81,7,2,10,48,69,1
2891,Siswa 2891,47,84,0,8,8,89,45,1
2892,Siswa 2892,89,79,1,5,15,47,76,1
2893,Siswa 2893,91,86,3,0,11,79,51,1
2894,Siswa 2894,99,82,1,7,10,65,96,0
2895,Siswa 2895,50,89,3,1,7,96,63,1
2896,Siswa 2896,86,92,5,1,2,43,69,0
2897,Siswa 2897,86,86,2,0,12,82,72,1
2898,Siswa 2898,65,87,8,1,4,94,45,1
2899,Siswa 2899,88,88,2,3,7,99,90,0
2900,Siswa 2900,94,91,1,1,7,67,87,0
2901,Siswa 2901,57,76,4,7,13,72,67,1
2902,Siswa 2902,42,75,8,5,12,63,55,1
2903,Siswa 2903,94,87,3,2,8,63,81,0
2904,Siswa 2904,57,75,3,7,15,95,67,1
2905,Siswa 2905,54,85,6,6,3,87,80,1
2906,Siswa 2906,46,75,7,7,11,65,48,1
2907,Siswa 2907,59,87,5,8,0,61,44,0
2908,Siswa 2908,83,87,8,1,4,52,84,0
2909,Siswa 2909,45,85,1,6,8,82,57,1
2910,Siswa 2910,75,91,1,0,8,93,91,0
2911,Siswa 2911,100,79,1,6,14,74,54,1
2912,Siswa 2912,55,87,3,3,7,91,65,1
2913,Siswa 2913,44,86,2,0,12,61,72,1
2914,Siswa 2914,51,85,6,4,5,63,84,1
2915,Siswa 2915,57,86,6,1,7,59,50,1
2916,Siswa 2916,95,87,8,4,1,89,81,0
2917,Siswa 2917,73,76,7,8,9,78,54,1
2918,Siswa 2918,41,84,2,6,8,76,47,1
2919,Siswa 2919,52,84,7,0,9,47,83,0
2920,Siswa 2920,43,79,7,4,10,49,92,0
2921,Siswa 2921,61,77,6,4,13,73,55,1
2922,Siswa 2922,51,89,7,4,0,80,57,1
2923,Siswa 2923,80,89,0,6,5,80,79,0
2924,Siswa 2924,41,94,2,2,2,63,73,1
2925,Siswa 2925,82,79,3,4,14,71,54,1
2926,Siswa 2926,72,80,8,4,8,57,97,1
2927,Siswa 2927,66,88,8,4,0,54,64,1
2928,Siswa 2928,98,92,5,0,3,90,46,0
2929,Siswa 2929,96,92,0,7,1,95,78,0
2930,Siswa 2930,41,79,2,7,12,97,57,1
2931,Siswa 2931,40,88,1,5,6,69,58,1
2932,Siswa 2932,69,77,7,2,14,60,57,1
2933,Siswa 2933,69,84,0,1,15,41,98,1
2934,Siswa 2934,74,88,7,3,2,87,96,0
2935,Siswa 2935,54,83,8,1,8,72,64,1
2936,Siswa 2936,85,84,1,7,8,61,94,0
2937,Siswa 2937,70,81,1,4,14,58,86,1
2938,Siswa 2938,92,81,8,3,8,87,62,0
2939,Siswa 2939,42,80,6,8,6,94,87,1
2940,Siswa 2940,61,82,4,4,10,72,40,1
2941,Siswa 2941,48,95,5,0,0,70,100,1
2942,Siswa 2942,47,88,0,2,10,91,52,1
2943,Siswa 2943,48,80,4,8,8,97,80,1
2944,Siswa 2944,47,79,6,3,12,56,58,1
2945,Siswa 2945,83,82,4,0,14,78,67,1
2946,Siswa 2946,48,83,4,2,11,71,48,1
2947,Siswa 2947,100,82,5,1,12,59,96,1
2948,Siswa 2948,50,94,1,0,5,98,98,1
2949,Siswa 2949,77,90,2,1,7,94,46,1
2950,Siswa 2950,46,89,2,1,8,60,45,1
2951,Siswa 2951,76,90,3,4,3,81,50,0
2952,Siswa 2952,72,85,7,4,4,56,52,1
2953,Siswa 2953,40,77,6,2,15,76,74,1
2954,Siswa 2954,93,87,1,7,5,69,53,0
2955,Siswa 2955,75,84,4,2,10,52,78,1
2956,Siswa 2956,87,85,3,3,9,55,44,1
2957,Siswa 2957,88,85,1,3,11,83,75,1
2958,Siswa 2958,57,77,5,7,11,92,93,1
2959,Siswa 2959,64,95,1,1,3,43,68,1
2960,Siswa 2960,63,95,1,2,2,96,40,1
2961,Siswa 2961,40,83,6,4,7,72,75,1
2962,Siswa 2962,85,87,3,8,2,46,88,0
2963,Siswa 2963,96,92,1,4,3,43,73,0
2964,Siswa 2964,92,90,2,6,2,64,50,0
2965,Siswa 2965,61,77,3,6,14,59,76,1
2966,Siswa 2966,97,84,1,3,12,94,65,1
2967,Siswa 2967,74,85,4,6,5,50,50,1
2968,Siswa 2968,66,91,4,4,1,48,76,1
2969,Siswa 2969,57,87,7,3,3,86,66,1
2970,Siswa 2970,73,87,3,7,3,59,53,1
2971,Siswa 2971,78,94,3,0,3,46,96,0
2972,Siswa 2972,93,76,8,6,10,87,60,1
2973,Siswa 2973,44,86,6,7,1,92,40,1
2974,Siswa 2974,54,97,1,0,2,72,50,1
2975,Siswa 2975,50,88,1,1,10,68,76,1
2976,Siswa 2976,80,89,1,0,10,89,93,0
2977,Siswa 2977,47,81,2,2,15,54,85,1
2978,Siswa 2978,42,87,4,0,9,60,67,1
2979,Siswa 2979,52,91,3,0,6,93,81,1
2980,Siswa 2980,78,84,0,6,10,83,40,1
2981,Siswa 2981,79,89,6,1,4,62,94,0
2982,Siswa 2982,93,94,5,1,0,46,61,0
2983,Siswa 2983,58,82,3,5,10,67,89,1
2984,Siswa 2984,78,85,7,0,8,51,78,1
2985,Siswa 2985,72,91,0,4,5,49,48,1
2986,Siswa 2986,77,87,3,2,8,66,95,0
2987,Siswa 2987,94,88,0,7,5,74,48,0
2988,Siswa 2988,85,81,2,3,14,41,86,1
2989,Siswa 2989,55,87,6,2,5,97,81,1
2990,Siswa 2990,45,82,1,3,14,95,70,1
2991,Siswa 2991,53,77,2,7,14,53,86,0
2992,Siswa 2992,40,78,5,2,15,91,66,1
2993,Siswa 2993,82,80,7,8,5,53,84,0
2994,Siswa 2994,95,83,3,2,12,52,59,1
2995,Siswa 2995,40,78,2,6,14,57,40,1
2996,Siswa 2996,77,85,6,0,9,63,50,1
2997,Siswa 2997,100,80,0,8,12,72,86,1
2998,Siswa 2998,54,81,1,8,10,66,91,1
2999,Siswa 2999,56,86,6,4,4,60,49,1
3000,Siswa 3000,85,84,5,0,11,66,40,1
